'19718',CDG JP INTERCIT,16
'19713',JP SC EXP      ,34
'19712',BPL JAIPUR EXP ,34
'19711',JP BPL EXP     ,44
'19710',KYQ JP KAVIGURU,37
'19717',JP CDG INTERCIT,16
'19716',LJN JP EXP     ,17
'19715',JP LJN EXP     ,17
'19714',SC JP EXP      ,32
'18242',ABKP DURG PAS E,32
'18240',NGP BILASPUR EX,18
'51118',DHI CSN PASS   ,16
'18241',DURG ABKP EX PA,36
'19409',GORAKHPUR EXP  ,29
'19408',BSB ADI EXP    ,21
'19407',ADI VARANASI EX,21
'17688',MARATHWADA EXP ,25
'19403',SULTANPUR EXP  ,20
'19402',LKO ADI EXP    ,27
'19401',ADI LUCKNOW EXP,27
'00852',BNC BBS SUVIDHA,7
'00851',BNC SUVIDHA SPL,7
'53003',HWH MLDT F PASS,43
'22462',SHRI SHAKTI EXP,9
'12701',HUSAINSAGAR EXP,16
'12703',FALAKNUMA EXP  ,25
'12702',HUSSAINSAGAR EX,17
'12705',GNT SC EXP     ,13
'12704',FALAKNUMA EXP  ,26
'12707',A P SMPRK KRNTI,20
'12706',SC GNT EXP     ,14
'12709',SIMHAPURI EXP  ,17
'12708',AP SMPRK KRANTI,20
'17651',KACHEGUDA  EXP ,21
'17652',KCG MS EXP     ,21
'21108',BSB KURJ LINK E,27
'06335',GHY KCVL SPECIA,58
'22484',JODHPUR EXPRESS,13
'22487',RDP ANVT LINK E,20
'06336',GUWAHATI EXP   ,58
'12019',SHATABDI EXPRES,10
'12018',DEHRADUN SHTBDI,9
'22483',JU GIMB SF EXP ,13
'22482',DEE JU SUP     ,19
'12015',AJMER SHTBDI   ,8
'12014',AMRITSAR SHTBDI,8
'12017',DEHRADUN SHTBDI,9
'12016',AJMER SHTBDI   ,8
'12011',KALKA SHTBDI   ,6
'12010',SHATABDI EXP   ,9
'12013',AMRITSAR SHTBDI,8
'12012',KALKA SHTBDI   ,6
'16381',KANYAKUMARI EXP,65
'19576',NDT OKHA EXP   ,19
'19575',OKHA  NDT EXP  ,19
'16382',CAPE MUMBAI EXP,66
'19573',JAIPUR EXPRESS ,20
'19570',BSB OKHA EXP   ,23
'17250',MACHILIPTNM EXP,19
'17255',NS HYDRABAD EXP,21
'17256',NARASAPUR EXP  ,21
'19578',HAPA TEN EXPRES,28
'15205',CHITRAKUT  EXP ,27
'17032',MUMBAI EXP     ,26
'57478',GTL TPTY PASS  ,32
'17035',KAGHAZNAGAR EXP,14
'17036',KAGHAZNAGAR EXP,14
'15204',LJN BJU EXP    ,38
'17038',BKN SC EXP     ,29
'57477',TPTY GTL PASS  ,32
'22908',HAPA MADGAON EX,18
'22909',BL  PURI S F EX,24
'15206',CHITRAKUT EXP  ,27
'24887',HW BME LINK EXP,41
'22901',UDZ SUPER FAST ,15
'22902',UDZ BDTS SUP   ,16
'18182',CPR TATA EXP   ,37
'22904',BDTS AC S F EXP,8
'22905',OKHA HOWRAH EXP,30
'56909',HOSPET PASSR   ,54
'19011',GUJARAT EXPRESS,28
'15203',BJU LJN EXP    ,37
'11089',BGKTPUNE EXPRES,27
'12129',AZAD HIND EXP  ,31
'12128',INTERCITY EXP  ,6
'12993',GIMB PURI EXP  ,27
'12121',M P SMPRK KRNTI,8
'12123',DECCAN QUEEN   ,6
'12122',M P SMPRK KRNTI,7
'12125',PRAGATI EXPRESS,9
'12124',DECCAN QUEEN   ,5
'12127',INTERCITY EXP  ,7
'12126',PRAGATI EXPRESS,8
'58839',NGP NIR JBP PAS,52
'18452',TAPASWINI EXPRE,44
'18451',TAPASWINI EXPRE,25
'18450',B NATH DHAM EXP,27
'19019',DEHRADUN EXP   ,98
'22874',VSKP DIGHA EXP ,16
'22875',KGP  PRR  EXRES,13
'22876',PRR KGP EXP    ,13
'22877',DGHA PURI EXP  ,13
'22870',VISAKAPATNAM EX,13
'22871',BBS TPTY EXPRES,18
'22872',TPTY BBS  EXP  ,18
'22873',DGHA VSKP EXP  ,16
'22878',PURI DIGHA EXP ,13
'22879',BBS TPTY SUP EX,20
'58114',BSP TATA PASS  ,60
'12235',DBRG NDLS RAJEX,26
'12237',BEGAMPURA EXP  ,11
'12236',NDLS DBRG RJDHN,26
'12231',LKO CDG EXPRESS,15
'12230',LUCKNOW MAIL   ,10
'12232',CDG LKO EXPRESS,15
'12239',JAIPUR DURONTO ,9
'12238',BEGAMPURA EXP  ,11
'14625',FZR INTERCITY  ,16
'14626',DEE INTERCITY  ,16
'58832',CWA RMO NGP PAS,21
'08295',BSP PUNE SPL   ,16
'15719',INTERCITY      ,18
'15716',GARIB NAWAJ EXP,29
'15715',GARIB NAWAJ EXP,30
'15714',INTERCITY EXP  ,19
'15713',INTERCITY EXP  ,19
'15712',KIR HWH EXPRESS,11
'15711',HWH KIR EXPRESS,11
'54811',BPL JU PASS    ,98
'58219',BSP CHRM PASS  ,29
'19404',SLN ADI EXP    ,20
'22813',SRC  PRDP SF EX,12
'24369',TRIBENI EXPRESS,36
'22810',PRDP SF EXP    ,17
'22811',BBS RAJDHANI EX,15
'13052',HOOL EXPRESS   ,10
'13053',HWH SURI EXP   ,7
'13050',ASR HWH EXPRESS,106
'13051',HOOL EXPRESS   ,10
'13054',SURI HWH EXP   ,7
'14710',PURI BKN EXPRES,31
'14711',RKSH SGNR EXP  ,23
'12949',KAVIGURU EXPRES,36
'12948',AZIMABAD EXPRES,20
'14714',JAT SGNR EXP   ,15
'12943',UDYOGKARMI EXP ,11
'12942',PARASNATH EXP  ,36
'12941',BVC ASANSOL EXP,33
'12940',JP PUNE SF EXP ,12
'12947',AZIMABAD EXPRES,20
'12946',SURAT EXPRESS  ,15
'12945',MAHUVA EXPRESS ,25
'12944',UDHYOGKARMI EXP,11
'18637',HTE YPR EXP    ,26
'08501',VSKP SC SPL    ,14
'08502',SC VSKP SPL    ,14
'18632',RNC GARIB NAWAZ,39
'18631',RNC GARIBNWAZ E,39
'18630',NJP RNC EXPRESS,21
'18638',YPR HATIA EXP  ,26
'12491',MOUR DHWAJ EXP ,19
'12490',DDR BIKANER EXP,20
'12492',MAUR DHAWAJ EXP,20
'12495',BKN KOAA SUP EX,21
'15910',AVADH ASSAM EXP,87
'12497',SHANE PUNJAB   ,12
'12496',PRATAP EXPRESS ,21
'12498',SHANE PUNJAB   ,13
'19330',UDZ INDB EXPRES,18
'12068',JAN SHATABDI EX,11
'58529',DURG VSKP PGR  ,62
'54253',PYG LKO PASS   ,31
'22162',RAJYA RANI EXP ,11
'16579',SHIMOGA EXP    ,9
'12833',HOWRAH EXPRESS ,63
'12060',KOTA JANSHTBDI ,10
'12831',BBS  GARIB RATH,15
'12830',BBS CHENNAI EXP,21
'12837',HWH PURI EXP   ,14
'12836',YPR HATIA EXP  ,26
'12835',HTE YPR EXPRESS,25
'12834',HWH ADI EXPRESS,64
'12839',HWH MAS MAIL   ,35
'12838',PURI HWH EXPRES,14
'15280',POORABIYA EXP  ,24
'15043',LJN KGM EXP    ,11
'15047',PURBANCHAL EXP ,19
'15046',GORAKHPUR EXP  ,40
'15045',GKP OKHA EXPRES,39
'05115',CPR SVDKSPL    ,22
'16572',BIDR YPR EXP   ,18
'15049',KOAA  GKP  EXP ,27
'15048',PURVANCHAL EXP ,19
'28182',KIR TATA LNK EX,34
'05116',SVDK CPR SPL   ,22
'16573',PUDUCHERRY EXP ,10
'16570',KCG YPR EXP    ,15
'16571',YPR BIDR EXP   ,18
'22478',JP JU SF EXP   ,10
'22479',JSM BKN EXPRESS,8
'22471',DEE INTERCITY  ,14
'22472',BKN INTERCITY  ,14
'22473',BKN BDTS SF EXP,23
'22474',BDTS BKN SUP EX,23
'22475',BKN CBE AC S F ,34
'22476',BIKANER AC EXP ,36
'22477',JU JP SF EXP   ,10
'07324',UBL MAS EXP    ,18
'07323',MAS HUBLI EXP  ,18
'22679',SVDK PREMIUM EX,7
'19418',ALD ADI EXP    ,20
'19419',MAS ADI EXPRESS,26
'15630',GUWAHATI MS EXP,40
'19410',GKP ADI EXP    ,29
'18112',YPR TATA EXP   ,41
'19412',INTERCITY EXP  ,12
'19413',KOLKATA EXPRESS,35
'19414',KOAA ADI EXPRES,35
'19415',ADI SVDK EXPRES,31
'19416',SVDK ADI EXP   ,31
'19417',ADI ALD EXPRESS,20
'12712',PINAKINI EXP   ,13
'12713',SATAVAHANA EXP ,9
'12710',SIMHAPURI EXP  ,17
'12711',PINAKINI EXP   ,13
'12716',ASR NED EXPRESS,36
'12717',RATNACHALAM EXP,12
'12714',SATAVAHANA EXP ,9
'12715',SACHKHAND EXP  ,37
'19017',SAU JANATA EXP ,30
'12718',RATNACHAL EXP  ,13
'12719',AII HYB SF EXP ,27
'19653',RATLAM AJMER EX,21
'58230',REWA BSP F PASS,38
'19707',ARAVALI EXPRESS,40
'56136',MTP UAM PASSR  ,8
'56137',UAM MTP PASSR  ,8
'56138',ONR UAM PASSR  ,6
'56139',UAM ONR PASSR  ,6
'19708',ARAVALI EXPRESS,40
'19709',KAVI GURU EXP  ,37
'17621',AWB RU EXPRESS ,28
'17620',NED AWB EXP    ,8
'17623',NED BKN EXP    ,29
'17622',RU AWB EXPRESS ,28
'17624',BKN NED EXP    ,29
'57265',VSKP NS PASS   ,29
'57264',NS VSKP PASSR  ,28
'19307',CHANDIGARH EXP ,19
'16714',RMM CHENNAI EXP,20
'16713',RAMESWARAM EXP ,19
'19659',SHM UDZ EXPRESS,24
'12008',SHATABDI EXP   ,3
'12009',SHATABDI EXP   ,9
'12006',KALKA SHTBDI   ,5
'12007',SHATABDI EXP   ,3
'12004',LJN SWRAN SHTBD,7
'12005',KALKA SHTBDI   ,5
'12002',BHOPAL SHTBDI  ,10
'12003',LJN SWRAN SHTBD,7
'12001',NDLS SHATABDI E,11
'19565',UTTARANCHAL EXP,35
'19566',UTTARANCHAL EXP,40
'19567',VIVEK EXP      ,41
'19568',VIVEK EXPRESS  ,41
'19569',OKHA BSB EXPRES,23
'56910',SBC FAST PSGN  ,35
'56912',SBC FAST PSGN  ,36
'13288',SOUTH BIHAR EXP,52
'13287',SOUTH BIHAR EXP,51
'13282',RJPB NTSK EXP  ,31
'13281',NTSK  RJPB  EXP,31
'21107',KURJ BSB LINK E,21
'12138',PUNJAB MAIL    ,54
'12139',SEWAGRAM  EXP  ,47
'12132',SAINAGAR DR EXP,10
'12133',MANGALORE EXP  ,17
'12130',AZAD HIND EXP  ,30
'12131',DR SAINAGAR EXP,10
'12136',NAGPUR PUNE EXP,18
'12137',PUNJAB MAIL    ,56
'12134',MUMBAI EXP     ,16
'12135',PUNE NAGPUR EXP,18
'58840',JBP NIR NGP PAS,52
'22801',VSKP MAS SF EXP,16
'22803',HWH SBP SUP EXP,11
'22802',MAS VSKP  EXP  ,16
'22805',BBS NDLS SUP EX,19
'22804',SBP HWH SUP EXP,11
'22807',SRC  MAS AC EXP,18
'22806',NDLS BBS SUP EX,19
'22809',VSKP SF EXP    ,17
'22808',MAS SRC AC EXP ,18
'14890',MBF BGKT EXP   ,2
'12226',KAIFIYAT EXP   ,16
'12227',INDORE DURONTO ,2
'12224',ERS LTT DURONTO,4
'12225',KAIFIYAT EXP   ,16
'12222',HWH PUNE DURONT,8
'12223',LTT ERS DURONTO,8
'12220',DURONTO AC EXP ,6
'12221',HOWRAH DURONTO ,8
'12228',MUMBAI DURONTO ,2
'12229',LUCKNOW MAIL   ,10
'15708',ASR KIR EXPRESS,55
'14650',SARYUYAMUNA EXP,61
'21068',SAKET LINK EXP ,22
'59811',HALDIGHATI PASS,71
'14659',DLI JSM EXPRESS,47
'15707',KIR ASR EXPRESS,57
'14096',HIMALAYAN QUEEN,15
'14095',HIMALYAN QUEEN ,14
'16313',CANNANORE EXP  ,25
'72452',RAIL MOTOR     ,3
'13064',BLGT HWH EXPRES,11
'13063',HWH BLGT EXP   ,11
'59812',HALDIGHATI PASS,66
'16316',BANGALORE EXP  ,25
'59821',KOTA BIX PASS  ,31
'18447',HIRAKHAND EXP  ,40
'16315',KOCHUVELI EXP  ,24
'18448',HIRAKHAND EXP  ,40
'18449',B NATH DHAM EXP,26
'12954',AG KRANTI RJDHN,14
'12955',BCT JP EXPRESS ,19
'12956',JP BCT SUPFAST ,19
'12957',SWARNA J RAJ EX,10
'12950',PBR KAVIGURU EX,38
'12951',MUMBAI RAJDHANI,8
'12952',MUMBAI RAJDHANI,7
'12953',AUG KR RAJ EXP ,14
'08401',PURI SRC SPL   ,9
'08402',SRC PURI  SPL  ,9
'12958',ADI SJ RAJDHANI,10
'12959',DADAR BHUJ EXP ,19
'56501',HUBLI PASS     ,70
'22481',JU DEE SUP     ,19
'22480',BKN JSM EXPRESS,8
'05968',DBRG RNY SPECIA,28
'05967',RNY DBRG SPECIA,28
'18620',DUMK RNC EXPRES,18
'18621',PATLIPUTRA EXP ,45
'18622',PATLIPUTRA EXP ,44
'18623',RJPB HATIA EXP ,40
'18624',HTE RJPB EXP   ,27
'18625',PNBE HTE EXPRES,21
'18626',HTE PNBE EXP   ,21
'18627',HWH RNC INT EXP,9
'18628',RNC HWH INT EXP,9
'18629',RNC NJP EXP    ,22
'12482',INTERCITY EXP  ,16
'12483',AMRITSAR EXP   ,26
'12480',SURYANAGARI EXP,17
'12481',INTERCITY EXP  ,16
'12486',SGNR NED EXPRES,26
'12487',SEEMANCHAL EXP ,18
'12484',ASR KCVL EXPRES,26
'12485',NED SGNR EXPRES,26
'12488',SEEMANCHAL EXP ,25
'12489',BKN DDR SF EXP ,20
'15603',INTER CITY EXP ,35
'83132',DNR GRD LINK EX,34
'15909',ABADH ASSAM EXP,96
'15605',JTTN INTERCITY ,32
'15604',INTERCITY  EXP ,35
'19577',HAPA EXPRESS   ,29
'11111',GD SUSHASAN EXP,11
'11110',LJN JHS INT EXP,11
'11112',GWL SUSHASAN EX,11
'58530',VSKP DURG PAS  ,61
'17313',MAS HUBLI EXP  ,17
'19034',GUJARAT QUEEN  ,27
'19574',JP OKHA EXP    ,20
'17315',VELANKANNI EXP ,25
'51033',SHIRDI FAST PAS,27
'51030',BJP BB FAST PAS,34
'17319',SECUNDRABAD EXP,22
'12828',PRR HWH EXP    ,15
'03236',DNR SBG SPL    ,29
'03235',SBG DNR SPECIAL,27
'12824',CHTSGRH S KRNTI,14
'12825',JHRKHND S KRANT,12
'12826',JHRKHND S KRNTI,13
'12827',HWH PRR EXP    ,15
'12820',ORISSA S KRNTI ,17
'12821',DHAULI EXP     ,14
'12822',DHAULI EXP     ,15
'12823',C G SMPRK KRNTI,13
'11025',BSL PUNE EXP   ,19
'11024',SAHYADRI EXP   ,31
'11027',CHENNAI MAIL   ,52
'11026',PUNE BSL EXP   ,19
'11021',TIRUNELVELI EXP,40
'11020',KONARK EXPRESS ,39
'11023',SAHYADRI EXPRES,29
'11022',CHALUKYA  EXP  ,39
'15054',LJN CPR EXP    ,13
'15057',GKP ANVT EXP   ,8
'11029',KOYNA EXPRESS  ,35
'11028',MUMBAI MAIL    ,52
'15052',GKP KOLKATA EXP,23
'15053',CPR LJN EXP    ,13
'19579',RJT DEE EXPRESS,24
'19108',JANMABHOOMI EXP,19
'16501',ADI YPR EXPRESS,25
'17031',HYDERABAD EXP  ,28
'55322',RMR BSB EXPRESS,47
'22649',YERCAUD EXPRESS,19
'22648',KORBA EXPRESS  ,56
'14265',BSB DDN EXP    ,55
'22643',PATNA EXPRESS  ,46
'22642',SHM TVC SF EXP ,37
'22641',SHALIMAR EXP   ,39
'22640',CHENNAI EXPRESS,28
'22647',KRBA TVC EXPRES,56
'14266',DDN BSB EXPRESS,50
'22645',AHILYANAGARI EX,53
'22644',PNBE ERS EXPRES,43
'14260',BSB RMM EXPRESS,37
'17037',SC BKN EXP     ,29
'16129',MS TN LINK EXP ,23
'16128',GUV CHENNAI EXP,48
'16125',MS JODHPUR EXP ,27
'16127',MS GURUVAYUR EX,49
'16126',JU MS EXPRESS  ,27
'19601',UDZ NJP EXP    ,29
'22849',SHM SC WKLY EXP,20
'16650',PARASURAM EXP  ,54
'12729',PUNE NANDED EXP,16
'12728',GODAVARI EXP   ,21
'12727',GODAVARI EXP   ,21
'12726',INTERCITY EXP  ,15
'12725',INTERCITY EXP  ,15
'12724',A P EXPRESS    ,18
'12723',A P EXP        ,18
'12722',DAKSHIN EXPRESS,74
'12721',NIZAMUDDIN EXP ,48
'12720',HYB AII SUP EXP,22
'56904',DWR SUR PASSENG,31
'56903',SUR DHARWAR PAS,32
'56101',CHENNAI EXPRESS,7
'21126',BIX INDB EXP   ,16
'21125',INDORE BHIND EX,19
'17639',KCG AK EXP     ,21
'57272',RGDA BZA PASS  ,70
'22443',CNB BDTS SF    ,22
'57271',RAYAGADA PSGNR ,67
'17617',TAPOVAN EXPRESS,21
'16231',MYSORE EXPRESS ,26
'16230',BSB MYS EXP    ,35
'16232',MAILADUTURAI EX,29
'16235',MYSORE  EXP    ,36
'16236',TUTICORIN EXP  ,36
'12039',KGM ANVT SHT   ,8
'12038',LDH NDLS SHTBDI,7
'22447',KURJ NZM EXP   ,9
'12033',CNB NDLS SHT   ,4
'12032',AMRITSAR SHTBDI,8
'12031',AMRITSAR SHTBDI,9
'12030',SWARNA SHTBDI  ,8
'12037',NDLS LDH SHTBDI,7
'12036',AF JP SHATABDI ,4
'12035',JP AF SHATABDI ,4
'12034',NDLS CNB SHT   ,4
'16506',GANDHIDHAM EXP ,34
'22907',MAO HAPA SUP EX,19
'16505',GIMB SBC EXPRES,34
'16345',NETRAVATI EXP  ,47
'16344',AMRITHA EXPRESS,21
'16347',MANGALORE EXP  ,50
'16346',NETRAVATHI EXP ,47
'16341',TRIVANDRUM EXP ,25
'16340',MUMBAI EXPRESS ,40
'16343',AMRITHA EXPRESS,21
'16342',GURUVAYUR EXP  ,23
'16349',RAJYA RANI EXP ,23
'16348',TRIVANDRUM EXP ,49
'12107',LUCKNOW SUP EXP,11
'12106',VIDARBHA EXPRES,25
'12105',VIDARBHA EXPRES,24
'12104',LJN PUNE EXP   ,13
'12103',PA LUCKNOW EXP ,14
'12102',JNANESWARISUPDL,16
'12101',JNANESWARI DELX,16
'12247',BDTS NZM YUVA E,7
'12109',PANCHAVATI EXP ,10
'12108',LJN LTT EXPRESS,11
'05028',SUVIDHA SPL    ,7
'13332',PNBE DHN EXPRES,22
'05027',SUVDHA SPL     ,7
'57306',GNT KCG  PASS  ,56
'58838',CWA RMO NGP PAS,15
'57305',KCGGNT PASS    ,78
'22681',CHENNAI EXPRESS,12
'22680',SVDK YPR PREMIU,7
'58835',NGP RMO CWA PAS,19
'58837',NGP RMO CWA PAS,15
'16864',MQ BGKT EXP    ,43
'22812',BUBNESWR RJDHNI,14
'13185',GANGASAGAR EXP ,22
'13186',GANGA SAGAR EXP,22
'13187',SDAH RPH EXP   ,10
'22816',ERS BILASPUR EX,25
'22817',HWH MYS EXPRESS,21
'22814',PRDP SRC SF EXP,12
'22815',BSP ERS S F EXP,24
'22818',MYS HOWRAH EXP ,22
'13188',RPH SDAH EXP   ,10
'14888',BARMER  KLK EXP,39
'14889',JU MBF LINK EXP,2
'15934',ASR DBRG EXPRES,39
'14887',KLK BME EXPRESS,44
'12213',DURONTO EXPRESS,19
'12212',MFP GARIB RATH ,12
'12211',ANVT GARIB RATH,12
'12210',CNB GARIB RATH ,9
'12217',SAMPARK KRANTHI,21
'12216',DEE GARIBRATH  ,18
'12215',DEE BDTS G RATH,18
'12214',YPR DURONTO EXP,19
'53140',JSME KOAA PGS  ,18
'12219',SC DURONTO EXP ,6
'12218',KERLA S KRANTI ,21
'15026',ANVT MAU EXP   ,11
'14866',MARUDHAR EXPRES,34
'14864',MARUDHAR EXPRES,32
'14865',MARUDHAR EXPRES,33
'14646',SHALIMAR EXP   ,29
'14863',MARUDHAR EXPRES,31
'14645',SHALIMAR EXP   ,30
'14649',SARYU YAMUNA EX,64
'14213',BSB GD INTERCIT,11
'22603',KGP VM SF EXP  ,20
'13071',HWH JMP EXPRESS,21
'13072',JMP HWH EXP    ,21
'12251',WAINGANGA EXP  ,27
'14212',INTERCITY EXP  ,16
'18437',BBS BWIP LINK E,32
'18438',BWIP BBS LINK E,32
'12921',FLYING RANEE   ,14
'12920',MALWA EXPRESS  ,44
'12923',INDB NAGPUR EXP,12
'12922',FLYING RANEE   ,14
'12925',PASCHIM EXPRESS,47
'12924',NGP INDORE EXP ,12
'12927',VADODARA EXP   ,6
'12926',PASCHIM EXPRESS,41
'12928',VADODARA EXP   ,6
'14033',JAMMU MAIL     ,35
'10215',MADGAON ERS EXP,14
'10216',MADGAON EXPRESS,14
'04408',DLI DBG SPL    ,14
'59460',VRL BCT PASS EX,32
'04405',LKO NDLS SPL   ,5
'04404',ANVT LKO SPL   ,5
'04407',DLI SPL        ,14
'04406',NDLS LKO SPL   ,5
'04401',ANVT SVDK SPL  ,12
'04403',LKO ANVT SPL   ,5
'04402',SVDK ANVT SPL  ,12
'14214',GD BSB INTERCIT,11
'15933',DBRG ASR EXPRES,39
'15930',DBRG MS EXPRESS,53
'08302',YPR SBP EXP    ,26
'08301',SBP YPR SPECIAL,26
'22464',RJSTHN S KRNTI ,11
'59547',OKHA PASSENGER ,52
'59013',BHUSAVAL PASS  ,32
'59014',SURAT PASSENGER,31
'15118',JBP MUV EXPRESS,10
'19037',AVADH EXPRESS  ,67
'15115',CPR DLI EXP    ,42
'15117',MUV JBP EXPRES ,10
'15116',DLI CPR EXP    ,42
'15111',MUV  INTERCITY ,14
'15110',BUDHPURNIMA EXP,19
'59548',OKHA ADI PASS  ,48
'15112',CPR INTERCITY  ,14
'11108',BUNDELKHAND EXP,36
'11109',JHS LJN  INT EX,11
'11102',GWL PUNE EXP   ,23
'11103',JHS BDTS EXP   ,21
'11101',PUNE GWALIOR EX,23
'11106',PRATHAM S SNGRM,22
'11107',BUNDELKHAND EXP,30
'11104',BDTS JHANSI EXP,21
'11105',PRATHAM S S EXP,22
'07239',PUSHKARAM SPL  ,12
'12859',GITANJALI EXP  ,27
'12858',TAMRALIPTA EXP ,8
'12589',GKP SC EXPRESS ,31
'12588',JAMMU GKP EXP  ,18
'15232',GONDIA BJU EXP ,32
'12851',BSP MAS EXP    ,17
'12850',PA BILASPUR EXP,18
'12581',MUV NDLS S F EX,7
'12852',BILASPUR EXPRES,17
'12855',NAGPUR INTERCIT,16
'12854',AMARKANTAK EXP ,31
'12857',TAMRALIPTA EXP ,8
'08891',BSP SVDK SPL   ,41
'11036',SHARAVATI  EXP ,26
'11037',PA GORAKHPUR EX,19
'11034',DBG PUNE EXP   ,30
'11035',SHARAVATHI EXP ,27
'11032',BJP SUR EXP    ,5
'11033',DARBHANGA EXP  ,32
'11030',KOYNA EXPRESS  ,35
'11031',SUR BIJAPUR EXP,5
'15021',SHM GKP EXPRESS,15
'15023',GKP YPR EXP    ,25
'15022',GKP SHM EXPRESS,15
'15025',MAU ANVT EXPRES,11
'15024',YPR GKP EXP    ,26
'11038',GKP PUNE EXPRES,17
'11039',MAHARASHTRA EXP,122
'22654',NZM TVC SF EXP ,29
'22655',TVC NZM EXPRESS,29
'06948',UBL VSG LINK EX,9
'22650',YERCAUD EXP    ,18
'22651',PALANI EXPRESS ,16
'22652',PALANI MAS EXP ,17
'22653',NIZAMUDDIN  EXP,29
'57257',KAKINADA PSGR  ,92
'07301',TALGUPPA EXP   ,15
'15622',ANVT KYQ EXPRES,25
'22387',BLACKDIAMOND EX,16
'12455',DEE BKN SF EXP ,21
'12454',NDLS RNC RJDHNI,9
'12457',DEE BKN  S F EX,15
'12456',BKN DEE SF EXP ,21
'12451',SHRAM SHKTI EXP,3
'12450',GOA SMPRK K EXP,14
'12453',RNC NDLS RAJ EX,8
'12452',SHRAM SHKTI EXP,3
'12459',NDLSASR EXPRESS,15
'12458',BKN DEE S F EXP,15
'16593',NED SBC EXP    ,45
'19020',DEHRADUN EXP   ,92
'16594',SBC NANDED EXP ,44
'12258',YESVANTPUR EXP ,21
'16649',PARASURAM EXP  ,56
'19614',ASR AII EXP    ,27
'19612',ASR AJMER EXP  ,31
'19613',AJMER ASR EXP  ,27
'16130',TN MS LINK EXP ,22
'19611',AJMER ASR EXP  ,32
'12738',GOUTAMI EXP    ,21
'12739',VSKP GARIB RATH,12
'06544',YESVANTPUR EXP ,11
'06542',PVR YPR SPECIAL,15
'06543',YPR  CBE EXP   ,11
'06541',YPR PVR EXP    ,20
'12730',PUNE EXPRESS   ,16
'12731',TPTY SC EXP    ,15
'12732',SC TPTY SUP EXP,15
'12733',NARAYANADRI EXP,23
'12734',NARAYANADRI EXP,23
'12735',YPR GARIB RATH ,14
'12736',SC GARIB RATH  ,11
'12737',GOUTAMI EXP    ,21
'16003',MAS NSL EXPRESS,26
'16004',NSL MAS WKLY EX,27
'25631',BKN GHY EXPRESS,33
'16734',RAMESWARAM EXP ,43
'17609',PNBE  PAU EXP  ,17
'16733',RMM OKHA EXPRES,43
'17606',KCG  MAQ  EXP  ,30
'17605',MAQ KCG EXPRESS,30
'17604',KACHEGUDA EXP  ,18
'17603',KCG YPR EXP    ,39
'12024',JANSHATABDI EXP,14
'12025',SHATABDI EXP   ,8
'12026',PUNE SHATABDI  ,9
'12027',SHATABDI EXP   ,4
'12020',SHATABDI EXPRES,10
'12021',BBN JANSHATABDI,10
'12022',BBN JANSHATABDI,10
'12023',JANSHATABDI EXP,14
'12028',SHATABDI EXP   ,4
'13512',TATANAGAR  EXP ,10
'13511',TATA ASN EXP   ,9
'13510',GD ASN EXPRESS ,22
'22890',PURI DGHA SUP E,13
'12688',DDN MDU SF EXP ,32
'19580',DEE RJT EXP    ,45
'53181',LALGOLA PASS   ,34
'12583',ANVT DOUBLE DKR,5
'16354',KACHEGUDA EXP  ,29
'16352',NCJ MUMBAI EXP ,47
'16353',KCG NCJ EXP    ,31
'16350',RAJYA RANI EXP ,23
'12582',NDLS MUV SF EXP,7
'22893',SNSI HWH SUP EX,16
'12853',AMARKANTAK EXP ,30
'16359',ERS PATNA EXP  ,47
'12110',PANCHAVTI EXP  ,10
'12111',CSTM AMRAVATI E,15
'12112',AMRAVATI CSTM E,15
'12113',NAGPUR GARIBRAT,10
'12114',PUNE GARIBRATH ,9
'12115',SIDDHESHWAR EXP,16
'12116',SIDDHESWAR EXP ,15
'12117',LTT MANMAD EXP ,10
'12118',MANMAD LTT EXP ,10
'12587',AMAR NATH EXP  ,18
'13466',INTERCITY EXP  ,15
'13465',INTERCITY EXP  ,15
'51455',PUNE SUR PASS  ,32
'52588',DJ KGN NG TRAIN,5
'52587',KGN DJ NG TRAIN,5
'12856',BSP INTERCITY  ,17
'15029',GKP PUNE EXP   ,20
'15028',MAURYA EXPRESS ,50
'22451',CDG SUP FAST   ,24
'22829',BHUJ SHM EXP   ,31
'22828',SURAT PURI EXP ,18
'22827',PURI SURAT EXP ,18
'14512',NAUCHANDI EXP  ,28
'22825',SHM MAS SF EXP ,24
'22824',BUBNESWR RJDHNI,15
'22823',BBS RAJDHANI EX,14
'14511',NAUCHANDI EXP  ,40
'22456',KLK SNSI SF EXP,15
'12208',KGM GARIB RATH ,16
'12209',KGM GARIB RATH ,9
'12204',SHC GARIB RATH ,25
'12205',NANDA DEVI EXP ,8
'12206',NANDA DEVI EXP ,8
'12207',JAMMU GARIB RAT,16
'12201',KCVL GARIB RATH,25
'12202',LTT GARIB RATH ,25
'12203',GARIB RATH EXP ,24
'14853',MARUDHAR EXPRES,35
'58221',CHRM CHD PGR   ,20
'58222',CHD CHRM PGR   ,20
'59307',INDB AII LINK E,34
'14854',MARUDHAR EXPRES,36
'08243',BSP BGKTSPECIAL,33
'58229',BSP REWA FST PG,38
'15639',PURI GHY EXPRES,27
'14674',SHAHEED EXP    ,57
'14673',SHAHEED EXPRESS,59
'08246',BKN BSP SPL    ,33
'08245',BSP BKN SPECIAL,33
'08244',BGKT BSP SPL   ,33
'15027',MAURYA EXP     ,50
'14519',KISAN EXPRESS  ,20
'18422',AII PURI EXP   ,41
'13242',RJPB BANKA EXP ,19
'13241',BANKA RJPB EXP ,19
'13240',KOTA PNBE EXP  ,25
'13247',DNR CAPITAL EXP,47
'13246',CAPITAL EXP    ,38
'13245',CAPITAL EXPRESS,38
'15316',GOKUL EXPRESS  ,18
'13248',KYQ CAPITAL EXP,47
'59802',JP RTM FASTPASS,38
'59801',KOTA JAIPUR PAS,11
'12932',BCT DOUBLEDECKE,10
'12933',KARNAVATI EXP  ,11
'12931',ADI DOUBLE DECK,10
'12936',SURAT BDTS EXP ,9
'12937',GARBHA EXPRESS ,18
'12934',KARNAVATI EXP  ,10
'12935',BDTS SURAT EXP ,9
'12938',GARBHA EXPRESS ,17
'12939',PUNE JAIPUR EXP,12
'14219',BSB LKO EXP    ,11
'14218',UNCHAHAR EXP   ,41
'15315',GOKUL EXP      ,18
'04416',NDLS BJU AC  SP,14
'14210',LKO BDL INTRCIT,12
'04414',SVDK DEE SPL   ,12
'04415',BJU NDLS AC SPL,14
'14215',GANGA GOMTI EXP,10
'04413',DEE SVDK SPL   ,12
'14217',UNCHAHAR EXP   ,42
'14216',GANGA GOMTI EXP,10
'15928',DBRG RNY EXPRES,22
'15929',DIBRUGARH EXP  ,51
'15927',RNY DBRG EXPRES,22
'22656',NZM TVC SF EXP ,29
'14324',ROK NDLS EXP   ,6
'14321',BE BHUJ EXP    ,44
'14320',BE INDB EXPRESS,20
'14323',NDLS ROK EXP   ,6
'14322',BAREILLY EXPRES,44
'15107',CPR MTJ EXPRESS,22
'15104',GKP INTERCITY  ,17
'15103',MUV INTERCITY  ,16
'15818',SHTT DBB RR EXP,20
'24370',TRIVENI EXP    ,46
'22889',DGHA PURI SUP E,13
'22161',RAJYA RANI EXP ,11
'18516',VSKP TATA EXP  ,25
'22604',KHARAGPUR EXP  ,20
'54254',LKO PYG PASS   ,31
'12594',LJN GARIB RATH ,6
'12590',GORAKHPUR EXP  ,31
'12591',GKP YPR EXPRESS,41
'12592',GORAKHPUR EXP  ,39
'12593',LJN BPL G R    ,6
'14810',JU JSM EXPRESS ,11
'12848',DGHA HWH DURONT,2
'12849',BSP PUNE SUP EX,18
'22880',TPTY BBS  SF EX,20
'12842',COROMANDEL EXP ,16
'12843',PURI  ADI EXP  ,43
'12840',HOWRAH MAIL    ,37
'12841',COROMANDAL EXP ,14
'12846',BHUBANESHWAR EX,21
'12847',HWH DGHA DURONT,2
'12844',ADI PURI EXP   ,43
'12845',BBS YPR SUP EXP,21
'11003',RAJYA RANI EXP ,22
'14522',UMB DLI  EXP   ,12
'14521',DLI UMB EXP    ,12
'14520',KISAN EXPRESS  ,20
'11007',DECCAN EXPRESS ,12
'11006',CHALUKYA  EXP  ,38
'11005',PUDUCHERRY EXP ,39
'11004',RAJYA RANI EXP ,22
'15032',CDG RMR  EXP   ,11
'15033',HW RMR EXP     ,7
'11009',SINHAGAD EXP   ,12
'11008',DECCAN EXPRESS ,11
'15036',UTR SAMPRK K EX,9
'22388',BLACKDIAMOND EX,16
'15034',RMR HW EXP     ,7
'15035',UTR SAMPRK K EX,12
'52549',JOYRIDE STEAM  ,3
'15631',BME GHY EXPRESS,35
'15817',DBB SHTT RR EXP,20
'22621',RMM CAPE EXP   ,12
'22620',TEN BILASPUR EX,32
'22623',MADURAI EXPRESS,12
'22622',CAPE RMM EXP   ,12
'22625',SBC DOUBLE DECK,9
'22624',CHENNAI EXPRESS,12
'22627',TIRUNELVELI EXP,8
'22626',MAS DOUBLE DECK,10
'22629',DADAR TEN EXP  ,28
'22628',TPJ EXPRESS    ,8
'22856',TPTY SRC SUP EX,19
'54077',BE DLI PSNGR   ,28
'22461',SHRI SHAKTI EXP,9
'14503',KLK SVDK EXPRES,10
'12446',UTTAR S KRANTI ,10
'12447',U P SMPRK KRNTI,12
'12444',ANVT HLZ S F EX,13
'12445',UTTAR S KRANTI ,10
'12442',BILASPUR RJDHNI,10
'12443',HLZ ANVT WKLY S,14
'12440',NDLS RNC RAJ EX,12
'12441',BSP NDLS RAJ EX,9
'51029',BB BJP FAST PAS,31
'51028',FAST PASSENGER ,29
'59208',BHAVNAGAR PASS ,63
'12448',U P SMPRK KRNTI,14
'12449',GOA SMPRK K EXP,15
'19165',SABARMATI EXP  ,73
'16102',CHENNAI EXPRESS,25
'16101',RAMESWARAM EXP ,24
'16106',TCN CHENNAI EXP,28
'16105',TIRUCHENDUR EXP,28
'19167',SABARMATI EXP  ,60
'14712',SGNR RKSH EXP  ,25
'15234',DBG KOAA EXPRES,9
'15635',GUWAHATI EXPRES,44
'14713',SGNR JAT EXP   ,15
'19029',BDTS DEE EXPRES,27
'19028',VIVEK EXPRESS  ,33
'15235',HWH DBG EXPRESS,11
'19024',FZR BCT JANTA  ,96
'19027',VIVEK EXPRESS  ,33
'19021',BDTS LJN EXPRES,23
'15236',DBG HWH EXPRESS,11
'16031',ANDAMAN EXPRESS,84
'19022',LJN BDTS EXP   ,23
'16217',MYS SNSI EXPRES,23
'16216',CHAMUNDI EXPRES,10
'16215',CHAMUNDI EXP   ,10
'16210',AJMER EXPRESS  ,45
'17610',PAU PNBE EXP   ,16
'19168',SABARMATI EXP  ,58
'17613',PUNE NANDED EXP,10
'17614',NED PUNE EXP   ,10
'17615',KCG MDU EXP    ,23
'17616',KACHEGUDA EXP  ,23
'15231',BJU GONDIA EXP ,32
'12051',JAN SHATABDI EX,10
'13509',ASN GD EXPRESS ,22
'12053',HW ASR JNSHTBDI,11
'12052',JAN SHATABDI EX,10
'12055',DDN JANSHTBDI  ,11
'12054',ASR HW JNSHTBDI,11
'12057',UHL JANSHATABDI,14
'12056',NDLS JANSHATABD,10
'12059',NZM JAN SHATABD,10
'12058',NDLS JANSHTBDI ,15
'15233',KOAA DBG EXP   ,9
'15661',RNC  KYQ EXPRES,28
'16589',RANI CHENNAMMA ,29
'13507',ASN GKP EXPRESS,15
'01419',PAU TTKL FARE S,19
'12696',TVC CHENNAI EXP,24
'12695',TRIVANDRUM EXP ,23
'12694',PEARL CITY EXP ,23
'12693',PEARL CITY EXP ,23
'12692',CHENNAI EXPRESS,15
'12691',SSPN EXPRESS   ,12
'12690',NCJ CHENNAI EXP,21
'15667',KAMAKHYA EXPRES,38
'57652',RAL SC PASSENGE,41
'12698',TVC CHENNAI EXP,15
'15665',B  G  EXPRESS  ,10
'52228',TPU ASH EXPRESS,14
'54076',SITAPURCITY PAS,44
'53178',LGL SDAH PASS  ,36
'53175',SDAH LGL PGR   ,35
'53172',LGL SDAH PASS  ,38
'19803',KOTA JAT EXP   ,28
'19802',INTERCITY EXP  ,14
'19801',INDB INTERCITY ,14
'16360',PNBE ERS EXPRES,45
'19806',UHP KOTA EXP   ,22
'19805',KOTA UHP EXPRES,22
'19804',JAT KOTA EXP   ,28
'22883',PURI YPR G RATH,26
'17019',AII HYB EXP    ,30
'11652',JBP INTERCITY E,13
'22926',PASCHIM EXPRESS,34
'11651',SGRL  INTERCITY,13
'57258',TIRUPATI PSGR  ,90
'52546',JOYRIDE DIESEL ,3
'52574',JOYRIDE DIESEL ,3
'52575',JOYRIDE DIESEL ,3
'52572',HIMALAYAN WHEEL,3
'52573',HIMALAYAN WHEEL,3
'52570',RED PANDA      ,5
'52571',RED PANDA      ,5
'22830',SHM BHUJ  SF EX,31
'22831',HWH SSPN EXPRES,17
'22832',HOWRAH EXP     ,17
'22835',SHM PURI SF EXP,11
'22836',PURI SHM SF EXP,11
'52548',JOYRIDE STEAM  ,3
'22903',BHUJ AC S F EXP,8
'12279',TAJ EXPRESS    ,11
'12278',SATABDI EXPRESS,8
'12270',MAS DURONTO EXP,3
'12273',NDLS   DURONTO ,5
'12275',NDLS DURONTO EX,4
'12274',HWH DURONTO EXP,4
'12277',SATABDI EXPRESS,9
'12276',ALD DURONTO EXP,4
'18568',QLN  VSKP EXP  ,35
'14660',JSM DLI EXPRESS,38
'14662',MALANI EXP     ,35
'18567',VSKP QLN EXP   ,35
'57619',RAL SC FASTPASS,23
'19610',HW AII EXP     ,18
'12305',KOLKATA RJDHNI ,11
'12304',POORVA EXPRESS ,27
'12307',HWH JU  EXPRESS,31
'12306',KOLKATA  RJDHNI,11
'12301',KOLKATA RAJDHNI,11
'12303',POORVA EXPRESS ,27
'12302',KOLKATA RJDHNI ,10
'18417',RAJYA RANI EXP ,17
'13255',PPTA CDG EXP   ,16
'13256',CDG  PPTA EXP  ,16
'12309',RJPB RAJDHANI  ,8
'12308',JU HWH SUPFAST ,27
'18411',INTER CITY EXP ,27
'18410',SRIJAGANNATH EX,21
'12909',NZM GARIB RATH ,9
'12908',MHRST SMPRK K E,5
'12907',BDTS SMPRK K EX,5
'12906',HWH PBR  OKHAEX,35
'12905',PBR HOWRAH EXP ,31
'12904',GOLDN TEMPLE ML,35
'12903',GOLDENTEMPLE ML,35
'12902',GUJARAT MAIL   ,13
'12901',GUJARAT MAIL   ,14
'15620',KYQ GYA WKLY EX,21
'22131',GYAN GANGA EXP ,21
'14208',PADMAVAT EXPRES,15
'14209',BDL LKO INTRCTY,12
'14203',BSB LKO INTRCIT,16
'14206',DLI FD EXP     ,11
'14207',PADMAVAT EXPRES,15
'14204',LKO BSB INTRCIT,16
'14205',FD DLI EXP     ,11
'22132',GYAN GANGA SF  ,19
'05065',CPR LJN SPL    ,14
'05066',LJN CPR SPL    ,14
'01082',BSL DR T F SPL ,8
'01081',DR BSL T F SPL ,8
'53004',MLDT HWH F PAS ,39
'15959',KAMRUP EXPRESS ,56
'18189',TATA ALLP EXP  ,86
'15483',MAHANANDA EXP  ,59
'18184',DNR TATA EXP   ,35
'18181',TATA CPR EXP   ,51
'18183',TATA  DNR EXP  ,36
'15484',MAHANANDA EXP  ,60
'11123',BJU GWL MAIL   ,49
'11124',GWL BJU MAIL   ,49
'11125',IND GWALIAR EXP,12
'11126',GWL INDB EXPRES,10
'14682',JUC NDLS EXPRES,23
'14681',NDLS JUC EXPRES,23
'12877',RNC GARIB RATH ,16
'12876',NEELACHAL EXP  ,42
'12875',NEELACHAL EXP  ,42
'12874',JHARKHAND EXP  ,22
'12873',JHARKHAND S J E,21
'12872',ISPAT EXPRESS  ,30
'12871',ISPAT EXPRESS  ,30
'12870',HWH CSTM EXPRES,19
'12879',LTT BBS SUP EXP,19
'12878',NDLS RNC G RATH,17
'15007',MUV LJN EXPRESS,37
'15006',DDN GKP EXP    ,16
'15005',GKP DDN EXPRESS,16
'15004',CHAURICHAURAEXP,28
'15003',CHAURICHAURAEXP,31
'15002',DDN MFP EXP    ,26
'15001',MFP DDN EXP    ,26
'58871',BTC JBP PASS   ,21
'15009',CHITRAKUT  EXP ,27
'15008',LJN MUV EXP    ,38
'11018',KIK LTT EXPRESS,32
'11019',KONARK EXPRESS ,54
'11014',LOKMANYA TT EXP,35
'11015',KUSHINAGAR EXP ,48
'11016',KUSHINAGAR EXP ,46
'11017',LTT KARAIKAL EX,32
'11010',SINHAGAD EXP   ,11
'11011',LTT NANDED EXP ,16
'11012',NED LTT EXPRESS,16
'11013',COIMBATORE EXP ,35
'23010',DOON EXXPRESS  ,71
'18029',LTT SHALIMAR EX,83
'22632',ANUVRAT EXP    ,32
'22633',NIZAMUDDIN EXP ,30
'22630',TEN  DR  EXPRES,29
'22631',ANUVRATEXPRESS ,32
'22636',MADGAON EXP    ,11
'22637',WEST COAST EXP ,34
'22634',NZM TVC SF EXP ,30
'22635',MAQ INTERCITY E,11
'56502',UBL BZA PASSR  ,72
'22638',WEST COAST EXP ,36
'22639',ALLEPPEY EXP   ,27
'04941',LKO SVDK SPL   ,12
'04942',SVDK LKO SPL   ,12
'12473',SARVODAYA EXP  ,24
'12472',SWARAJ EXPRESS ,24
'12471',SWARAJ EXPRESS ,25
'12470',JAT CNB EXPRESS,14
'12477',JAM JAT EXPRESS,29
'12476',JAT HAPA EXP   ,29
'12475',HAPA JAT EXPRES,29
'12474',SARVODAYA EXP  ,23
'12479',SURYA NAGRI EXP,17
'12478',JAT JAMNAGR EXP,29
'19328',UDZ RATLAM EXP ,16
'19329',UDAIPUR CITY EX,18
'19322',RJPB INDB EXPRE,17
'19323',INTERCITY EXP  ,8
'19321',INDB RJPB EXP  ,17
'19326',ASR INDB EXPRES,24
'19324',INDB INTERCITY ,8
'19325',IND AMRITSAR EX,26
'23347',SGRL PNBE LNK E,31
'23346',SKTN BSB INTER ,11
'57651',SC RAL PASSENGE,41
'23348',PNBE SGRL LNK E,31
'08450',PNBE BBS SPL   ,15
'19038',AVADH EXPRESS  ,66
'19039',AVADH EXPRESS  ,82
'16021',KAVERI  EXPRESS,24
'16022',KAVERI EXPRESS ,23
'19032',YOGA EXPRESS   ,42
'19033',GUJARAT QUEEN  ,27
'19030',DEE BDTS EXP   ,27
'19031',YOGA EXPRESS   ,47
'16201',SBC SMET EXP   ,11
'16202',SMET SBC EXP   ,11
'16203',TIRUPATHY EXP  ,10
'16204',TPTY MAS EXPRES,11
'16205',MYSORE EXPRESS ,12
'16206',TALGUPPA EXP   ,12
'19251',SMNH OKHA EXP  ,17
'16209',AII MYS EXPRESS,44
'56640',MADGAON PASSR  ,30
'56641',MAO MAQ PASS   ,30
'19259',KCVL BVC EXPRES,42
'12042',NJP HWH SHATABD,8
'12043',NDLS MOGA SHT  ,8
'12040',ANVT KGM SHT   ,8
'12041',SHATABDI EXPRES,8
'12046',CDG NDLS SHTBDI,3
'12047',NDLS BTI SHTBDI,6
'12044',NDLS SHATABDI  ,8
'12045',NDLS CDG SHTBDI,3
'12048',BTI NDLS SHTBDI,6
'12680',CHENNAI EXPRESS,14
'12681',COIMBATORE EXP ,9
'12682',CHENNAI EXP    ,9
'12683',BANGALORE SF EX,14
'12684',ERNAKULAM SF EX,14
'12685',MANGALORE EXP  ,19
'12686',CHENNAI EXP    ,19
'12687',DEHRADUN EXP   ,35
'01402',NGP SUR T F SPL,21
'12689',NAGERCOIL EXP  ,20
'01401',NGP TTKL FARE S,21
'16228',BANGALORE EXP  ,16
'16115',PUDUCHERRY EXP ,11
'16116',CHENNAI EXP    ,11
'16229',MYS BSB EXP    ,35
'56264',MYSORE PASS    ,17
'22857',SRC ANVT SF EXP,12
'56504',BZA BNC PASS   ,79
'16185',VELANKANNI EXP ,15
'16184',UZHAVAN EXPRESS,18
'57130',HYB BJP PSGR   ,51
'13401',INTERCITY   EXP,27
'13403',VANANCHAL EXP  ,27
'13402',INTERCITY  EXP ,27
'13404',VANANCHAL EXP  ,28
'18408',SNSI PURI EXP  ,28
'16188',ERS KARAIKALEXP,30
'16688',NAVYUG EXPRESS ,79
'18409',SRIJAGANNATHEXP,20
'16687',NAVYUG EXP     ,63
'12029',SWARNA SHTBDI  ,8
'11465',SMNH JBP EXPRES,47
'11464',JBP SOMNATH EXP,49
'11466',JBP SOMNATH EXP,48
'11463',SMNH JBP EXPRES,49
'57229',MTM VSKP PASSR ,35
'22858',ANVT SRC SF EXP,12
'52547',JOYRIDE STEAM  ,3
'17408',TIRUPATI EXPRES,19
'52545',KGN DJ NG TRAIN,5
'52544',DJ KGN NG TRAIN,5
'17405',KRISHNA EXPRESS,62
'17404',NS  TPTY EXP   ,23
'17407',PAMANI EXPRESS ,19
'17406',KRISHNA EXP    ,63
'17401',TPTY MTM NS EXP,30
'17402',MTM TPTY EXP   ,21
'12832',DHN GARIB RATH ,15
'18404',BBN CKP INT EXP,6
'01656',JBP PUNE SPECIA,13
'01655',PUNE JBP SUP SP,13
'18405',PURI  ADI EXP  ,40
'12268',BCT DURONTO EXP,2
'12269',DURONTO EXPRESS,3
'18406',ADI PURI EXP   ,40
'12262',HWH CSTM DURONT,5
'12263',NZM DURONTO EXP,7
'12260',SDAH DURONTO EX,4
'12261',HOWRAH DURONTO ,6
'12266',DURONTO EXPRESS,2
'12267',ADI DURONTO EXP,2
'12264',PUNE DURONTO EX,5
'12265',DEE JAT DURONTO,2
'14236',BE BSB EXPRESS ,44
'52551',JUNGLE SAFARI  ,6
'14056',BRAHMPUTRA MAIL,61
'14055',BRAHMPUTRA MAIL,63
'22996',AII BDTS SF EXP,17
'12316',ANANYA EXPRESS ,23
'12317',AKAL TAKHT EXP ,24
'12314',SEALDAH RJDHANI,10
'12315',ANNANYA  EXPRES,25
'12312',KALKA MAIL     ,40
'12313',SDAH RAJDHANIEX,11
'12310',RJPB RAJDHANI  ,8
'12311',HWH DLI KLK MAI,39
'18401',PURI OKHA EXP  ,41
'18402',OKHA PURI EXP  ,41
'18403',CKP BBN INT EXP,6
'13225',INTERCITY EXPRE,22
'15632',GHY BME BKN EXP,39
'12318',AKAL TAKHAT EXP,23
'13226',INTERCITY EXPRE,22
'12918',GUJRAT S KRANTI,10
'12919',MALWA EXPRESS  ,46
'14235',BSB BE EXPRESS ,47
'12910',BDTS GARIB RATH,9
'12911',BL HARIDWAR EXP,14
'12912',HW BL SUP EXP  ,14
'12913',TRISHATABDI EXP,14
'12914',TRISHATABDI EXP,14
'12915',ASHRAM EXPRESS ,20
'12916',ASHRAM EXPRESS ,20
'12917',GUJARAT SMPRK K,10
'17320',SC  UBL EXP    ,22
'28624',BARKA RJPB EXP ,25
'15636',DWARKA  EXPRESS,44
'59320',BPL RTM PASS   ,37
'15044',KGM LJN EXP    ,11
'13135',KOAA JYG EXP   ,18
'13134',BSB SDAH EXPRES,83
'13137',KOAA AMH EXPRES,22
'13136',JYG KOAA EXP   ,18
'13131',KOAA ANVT EXP  ,124
'13133',SDAH BSB EXP   ,81
'13132',ANVT KOAA EXP  ,93
'13138',AMH KOAA EXP   ,22
'15942',DBRG JHAJHA EXP,32
'15941',JHAJHA DBRG EXP,32
'18192',UTSARG EXP     ,31
'18191',UTSARG EXP     ,33
'14307',PRG BE EXPRESS ,40
'14309',UJJAINI EXPRESS,33
'14308',BE LKO ALD PASS,40
'12860',GITANJALI EXP  ,26
'12861',LINK DAKSIN EXP,59
'12863',HWH YPR EXPRESS,35
'12864',YPR HOWRAH EXP ,36
'12865',LALMATI EXPRESS,10
'12866',LALMATI EXPRESS,10
'12867',HWH PDY EXP    ,20
'12868',PDY HOWRAH EXP ,20
'12869',HOWRAH SUP EXP ,20
'15011',LJN CDG EXPRESS,19
'15012',CDG LJN EXPRESS,19
'15013',RANIKHET EXP   ,43
'15014',RANIKHET EXP   ,39
'15015',GKP YPR EXPRESS,28
'15016',YPR GORAKPUR EX,22
'15017',GORAKHPUR EXP  ,72
'15018',GKP LTT EXP    ,106
'11069',TULSI EXPRESS  ,25
'11068',SAKET EXPRESS  ,20
'11061',MUZAFFARPUR EXP,37
'11060',CPR LTT EXPRESS,24
'11063',MS SALEM EXP   ,18
'11062',MFP LTT EXPRESS,35
'11065',DARBHANGA  EXP ,40
'11064',SA CHENNAI EXP ,14
'11067',SAKET EXPRESS  ,25
'11066',DBG LTT EXPRESS,38
'02873',VSKP TPTY SF SP,8
'02877',KJM SPECIAL    ,13
'02874',TPTY VSKP SF SP,8
'02878',KJM VSKP EXP   ,13
'08892',SVDK BSP SPL   ,22
'22609',INTERCITY EXP  ,15
'22608',ERNAKULAM SF EX,14
'22607',BANGALORE SF EX,14
'22606',PURULIA EXPRESS,31
'22605',PRR  VM  EXPRES,31
'16351',NAGARCOIL EXP  ,46
'22351',PPTA YPR EXP   ,28
'22602',SNSI CHENNAI EX,24
'22601',SHIRDI EXPRESS ,23
'22352',PATLIPUTRAEXP  ,28
'23226',DNR SHC LINK EX,19
'23225',SHC DNR LINK EX,19
'18574',BGKT VSKP EXP  ,35
'12468',LEELAN EXP     ,15
'12469',CNB JAT EXPRESS,14
'12464',RJSTHN S KRNTI ,9
'12465',RANTHAMBORE EXP,27
'12466',INTERCITY EXP  ,29
'12467',LEELAN EXP     ,15
'12460',ASR NDLS EXP   ,17
'12461',MANDOR EXPRESS ,18
'12462',MANDOR EXPRESS ,16
'12463',RAJSTHN S KRANT,13
'18573',VSKP BGKT EXP  ,36
'16724',ANANTAPURI EXP ,31
'52973',UJN AK F PASS  ,39
'52974',AK UJN FAST PAS,38
'22512',KARMABHOOMI EXP,26
'22511',KARMABHOOMI EXP,26
'19006',SAURASHTRA MAIL,34
'19005',SAURASHTRA MAIL,43
'19263',DELHI SR EXPRES,28
'19262',KOCHUVELI EXP  ,30
'19261',PORBANDAR EXP  ,32
'19260',BVC KCVL EXP   ,42
'03401',BGP DNR SPECIAL,27
'19269',PBR MOTIHARI EX,33
'03402',DNR BGP SPL    ,27
'16569',YPR KCG EXP    ,15
'12079',JANSHATABDI EXP,11
'12078',JAN SHATABDI   ,10
'12077',JAN SHATABDI   ,10
'12076',JAN SHATABDI   ,13
'12075',JAN SHATABDI   ,14
'12074',BBS JAN SHATABD,9
'12073',BBS JAN SHATABD,9
'12072',JANSHATABDI EXP,7
'12071',JAN SHATABDI EX,7
'12070',JANSHATABDI EXP,15
'12679',COIMBATORE EXP ,13
'12678',BANGALORE EXP  ,17
'12675',KOVAI EXPRESS  ,14
'12674',CHERAN EXPRESS ,10
'12677',ERNAKULAM EXP  ,16
'12676',KOVAI EXP      ,15
'12671',NILAGIRI EXP   ,9
'12670',GANGAKAVERI EXP,24
'12673',CHERAN EXPRESS ,9
'12672',NILAGIRI EXP   ,10
'19314',INDORE EXPRESS ,17
'19313',INDB RJPB  EXP ,17
'19312',IND PUNE EXPRES,18
'19311',PUNE INDORE EXP,22
'19310',INDORE GNC EXP ,19
'54812',JU BPL PASS    ,90
'19061',RAMNAGAR EXPRES,32
'19060',SURAT INTERCITY,19
'13413',FARAKKA EXPRESS,63
'16612',CBE TN LINK EXP,16
'19062',RMR BDTS EXP   ,32
'13416',PNBE MLDT EXPRE,17
'13417',DGHA MLDT EXP  ,18
'13414',FARKKA EXPRESS ,60
'13415',MLDT PNBE EXPRE,17
'16301',VENAD EXPRESS  ,31
'19065',BDTS BGKT EXP  ,10
'13418',MLDT DGHA EXP  ,18
'13419',JANASEWA EXPRES,17
'16305',CANNANORE EXP  ,18
'16304',VANCHINAD EXP  ,20
'16307',CANNANORE EXP  ,28
'16306',ERNAKULAM EXP  ,19
'51421',PUNE NZB PASS  ,84
'06228',MYSORE EXP     ,15
'57230',VSKP MTM PASS  ,37
'11472',JBP INDB EXP   ,19
'12791',SC PNBE EXPRESS,28
'11471',INDB JBP EXP   ,19
'12781',SWARNA JAYANTHI,32
'12780',GOA EXPRESS    ,33
'12783',VSKP SC AC EXP ,15
'12782',SWARNA JAYANTHI,33
'12785',BANGALORE EXP  ,18
'12784',SC  VSKP AC EXP,15
'12786',KACHEGUDA EXP  ,17
'58014',BKSC HWH  PAS  ,37
'58013',HWH BKSC PASS  ,37
'58012',CKP HWH PAS    ,46
'58011',HWH CKP PAS    ,46
'15644',KYQ PURI EXPRES,27
'17416',HARIPRIYA EXP  ,32
'17415',HARIPRIYA EXP  ,32
'17412',MAHALAXMI EXP  ,19
'15647',GUWAHATI EXPRES,56
'17411',MAHALAXMI EXP  ,18
'12257',KOCHUVELI GR   ,21
'16787',TEN JAMMU EXP  ,63
'12254',ANGA EXPRESS   ,31
'12253',ANGA EXPRESS   ,28
'12252',WAINGANGA EXP  ,26
'13308',GANGASATLUJ EXP,70
'12250',NDLS HWH YUVA  ,9
'13307',GANGASUTLEJ EXP,78
'13302',SUBARNAREKHA EX,14
'02510',KYQ BNC SUVIDHA,19
'12259',NDLS  DURONTO  ,5
'13301',SUBARNAREKHA EX,13
'15643',PURI KYQ EXPRES,27
'51422',NZB PUNE PASS  ,75
'14044',GARHWAL EXPRESS,13
'14041',MUSSOORIE EXP  ,22
'14042',MUSSOORIE EXP  ,19
'14043',GARHWAL EXPRESS,13
'19411',AJMER INTERCITY,12
'22981',KOTA SGNR SF EX,28
'22982',SGNR KOTA SF   ,28
'12323',HWH NDLS EXPRES,12
'12322',KOLKATA MAIL   ,50
'13238',KOTA PNBE EXP  ,30
'13239',PNBE KOTA EXP  ,22
'12327',UPASANA EXPRESS,19
'12326',NLDM KOAA EXP  ,18
'12325',KOAA NLDM EXP  ,17
'12324',NDLS HWH EXPRES,14
'13233',RAJGRIHA EXPRES,15
'12329',W B SMPRK KRNTI,9
'12328',UPASANA EXPRESS,19
'13236',INTERCITY EXP  ,29
'13237',PNBE KOTA EXP  ,27
'13234',RAJGRIHA EXPRES,15
'13235',INTERCITY EXP  ,28
'14220',LKO BSB EXP    ,11
'14223',BUDH PURNIMA EX,19
'14224',BUDHPURNIMA EXP,19
'14227',VARUNA EXPRESS ,11
'14228',VARUNA EXP     ,11
'18214',JP DURG EXP    ,21
'18216',JAT DURG EXP   ,26
'18211',DURG JDB EXP   ,15
'18210',R DRZ EXPRESS  ,8
'18213',DURG JP EXP    ,20
'18212',JDB DURG EXP   ,15
'22826',MAS SHM EXP    ,24
'51401',PUNE MMR PASS  ,34
'18695',IPR RJPB EXPRES,7
'18697',KOSHI EXP      ,23
'18696',RJPB IPR EXPRES,7
'18698',KOSHI EXP      ,23
'18501',VSKP GIMB EXP  ,29
'18503',VSKP  SNSI   EX,26
'18502',GIMB VSKP EXP  ,29
'18504',SNSI VSKP EXP  ,36
'13120',DLI  SDAH EXP  ,89
'18509',VSKP NED EXPRES,13
'18508',HIRAKUND EXP   ,48
'16855',MANGALORE EXP  ,24
'16854',CHENNAI EXPRESS,19
'15159',SARNATH EXPRESS,46
'16857',MANGALORE EXP  ,20
'16856',PUDUCHERRY EXP ,24
'14318',DDN INDB EXP   ,30
'14319',INDB BARELLY EX,20
'14314',BE LTT EXPRESS ,28
'14315',INTERCITY EXP  ,16
'14316',INTERCITY EXP  ,16
'14317',IND DDN EXPRESS,31
'14310',UJJAIYANI EXP  ,31
'14311',ALA HAZRAT EXP ,50
'14312',ALA HAZRAT EXP ,45
'14313',BAREILLY EXP   ,27
'16853',TRICHY EXPRESS ,19
'12898',BBS PDY EXPRESS,20
'12895',HWH PURI EXPRES,10
'12894',BBS EXPRESS    ,15
'12897',PDY BBS EXPRESS,20
'12896',PURI HWH EXPRES,11
'12891',BGY  BBS EXPRES,16
'12890',YPR TATA EXP   ,24
'12893',BLGR  EXPRESS  ,15
'12892',BBS BPO EXPRESS,16
'18030',SHM LTT EXPRESS,83
'22407',BSB ANVT G RATH,9
'59439',AHMADABAD PASS ,72
'11078',JHELUM EXPRESS ,65
'11072',KAMAYANI EXPRES,41
'11073',LTT CHENNAI  EX,18
'11070',TULSI EXPRESS  ,25
'11071',KAMAYANI EXPRES,44
'11076',BIDR LTT EXP   ,13
'11077',JHELUM EXPRESS ,66
'11074',CHENNAI LTT EXP,17
'11075',LTT BIDR EXPRES,13
'22618',TPTY  SBC  EXP ,8
'22619',BSP TEN EXPRESS,30
'22610',INTERCITY EXP  ,15
'22611',MAS NJP EXPRESS,22
'22612',NJP MAS EXPRESS,22
'22613',HALDIA EXPRESS ,17
'22614',HLZ MAS SUP EXP,15
'22615',TPTY CBE  EXP  ,9
'22616',TIRUPATHI EXP  ,9
'22617',TIRUPATHI EXP  ,9
'04923',LKO NLDM SF SPL,9
'04927',BSB CDG SPECIAL,8
'04924',NLDM LKO SF SPL,9
'04928',CDG BSB SPECIAL,8
'12419',GOMTI EXP      ,17
'12418',PRAYAG RAJ EXP ,8
'12411',INTERCITY EXP  ,8
'12410',GONDWANA EXPRES,34
'12413',AII JAT EXPRESS,21
'12412',INTERCITY EXP  ,8
'12415',NIZAMUDDIN EXP ,21
'12414',JAMMU AII EXP  ,22
'12417',PRAYAG RAJ EXP ,8
'12416',INTERCITY  EXP ,20
'58220',CHRM BSP PASS  ,78
'51196',BPQ WR PASS    ,42
'18496',BBS RMM EXPRESS,26
'15606',GHY INTERCITY  ,32
'12525',KOAA DBRG EXP  ,25
'12524',NDLS NJP SF EXP,19
'12526',DBRG KOAA EXP  ,24
'12521',RAPTI SAGAR EXP,64
'12520',KYQ LTT AC EXP ,27
'12523',NJP NDLS EXPRES,19
'12522',RAPTISAGAR EXP ,64
'19018',SAU JANATA EXP ,33
'11266',ABKP JBP EXPRES,14
'11265',AMBIKAPUR EXPRE,14
'22188',INTERCITY EXPRE,10
'22181',JBP  NZM EXPRES,15
'22182',NZM JBP SF EXP ,15
'22183',IND DOUBLE DECK,8
'22184',HBJ DOUBLE DECK,8
'22185',IND DOUBLE DECK,7
'22186',BPL DOUBLE DECK,7
'22187',INTERCITY EXPRE,10
'16779',TPTY RMM EXP   ,22
'19270',PBR EXPRESS    ,34
'01420',PAU KOP SPL    ,19
'12069',JANSHATABDI EXP,15
'18646',EAST COAST EXP ,62
'16578',HRR YPR EXP    ,10
'01427',PVR TTKL FAREPA,8
'01428',MRJ TKL FARE PA,8
'12061',JBP JANSHATABDI,10
'12062',HBJ JANSHATABDI,10
'12063',HW UHL LINK JSH,11
'12064',UHL HW LINK JSH,11
'12065',NZM JAN SHATABD,11
'12066',AII JAN SHATABD,10
'12067',JAN SHATABDI EX,11
'12668',CHENNAI EXP    ,12
'12669',GANGAKAVERI EXP,26
'12666',CAPE HOWRAH EXP,33
'12667',NAGERCOIL EXP  ,12
'12664',HOWRAH EXPRESS ,25
'12665',KANNYAKUMARI EX,33
'12662',POTHIGAI   EXP ,19
'12663',HWH TPJ EXPRESS,25
'12660',GURUDEV EXPRESS,45
'12661',POTHIGAI  EXP  ,19
'19301',YESHVANTPUR EXP,32
'19302',YPR  INDB EXP  ,34
'16176',CHENNAI EXP    ,16
'16177',ROCK FORT EXP  ,15
'19654',AII RTM EXP    ,21
'16175',KARAIKAL EXP   ,16
'19308',CDG  INDB  EXP ,19
'19309',GNC INDORE EXP ,19
'16178',ROCKFORT EXPRES,16
'16179',MANNAI EXP     ,14
'24042',MUSSOORIE EXP  ,15
'17229',SABARI EXPRESS ,46
'17225',AMARAVATHI EXP ,25
'17226',AMARAVATI EXP  ,31
'17221',COA  LTT EXPRES,23
'17222',LTT COA EXPRESS,30
'16318',HIMSAGAR EXP   ,84
'13429',MLDT ANVT EXP  ,23
'16312',BIKANER EXPRESS,44
'13426',ST MALDA TOWN E,27
'13425',MLDT ST EXP    ,28
'13424',AII BGP EXP    ,16
'13423',BGP AII EXPRESS,18
'16317',HIMSAGAR EXP   ,72
'16314',ERNAKULAM EXP  ,26
'13420',JANSEWA EXPRESS,17
'17311',MAS VASCO EXP  ,24
'17310',YPR BIWEEKLY EX,18
'12798',VENKATADRI EXP ,24
'17312',VSG CHENNAI EXP,25
'11447',SHAKTIPUNJ EXP ,43
'17314',UBL CHENNAI EXP,18
'17317',LOKAMANYA TT EX,15
'17316',VLNK VSG EXP   ,23
'12792',PNBE SC EXP    ,29
'17318',LTT HUBLI EXP  ,15
'11449',JAMMUTAWI EXP  ,32
'11448',SHAKTIPUNJ EXP ,44
'12797',VENKATADRI EXP ,24
'18407',PURI SNSI EXP  ,26
'17429',RAYALASEEMA EXP,36
'12240',JP BCT DURONTO ,2
'12241',CDG ASR SUP    ,7
'12242',ASR CDG SUP    ,7
'12243',SHATABDI EXP   ,7
'12244',SHATABDI EXP   ,7
'12245',HWH YPR DURONTO,8
'12246',DURONTO EXPRESS,6
'02509',BNC KYQ SUVIDHA,17
'12248',NZM  BDTS  YUVA,7
'12249',HWH NDLS YUVA E,10
'13331',DHN PNBE EXPRES,22
'13330',GANGADAMODAR EX,11
'12084',JAN SHATABDI EX,10
'12082',JAN SHATABDI   ,16
'12083',JAN SHATABDI EX,10
'12080',JAN SHATABDI EX,11
'12081',JAN SHATABDI   ,16
'09628',DEE AII SF SPL ,14
'14035',DAULADHAR EXP  ,19
'14034',JAMMU MAIL     ,29
'14037',DLI PTK EXP    ,14
'14036',DHAULADHAR EXP ,20
'14038',PTK DLI EXP    ,16
'58111',TATA ITR PASS  ,98
'09627',AII DEE SF SPL ,14
'13202',LTT RJPB EXP   ,64
'13201',RJPB LTT EXP   ,67
'18420',JYG DBG PURI EX,25
'18421',PURI AJMER EXP ,41
'12338',SANTINIKETANEXP,4
'12339',COAL FIELD EXP ,13
'12334',VIBHUTI EXPRESS,30
'12335',BGP LTT EXPRESS,39
'12336',BHAGALPUR EXP  ,39
'12337',SANTINIKATANEXP,4
'12330',W B SMPRK KRNTI,9
'12331',HIMGIRI EXPRESS,32
'12332',HIMGIRI EXPRESS,32
'12333',VIBHUTI EXPRESS,30
'22356',SUVIDHA AC EXP ,6
'18208',AII DURG EXP   ,22
'18209',DRZ R EXPRESS  ,8
'18206',NTV DURG EXP   ,23
'18207',DURG AII EXP   ,21
'18204',BETWA EXPRESS  ,20
'18205',DURG NTV EXP   ,23
'18202',NTV DURG EXP   ,27
'18203',BETWA EXPRESS  ,20
'18201',DURG NTV EXP   ,25
'12547',AF ADI SF EXP  ,11
'13113',HAZARDUARI EXP ,11
'18510',NED VSKP EXP   ,15
'13110',MAITREE EXPRESS,3
'13117',KOAA LGL EXPRES,11
'18517',KRBA VSKP EXP  ,31
'13114',HAZARDUARI EXP ,11
'22881',PUNE BBS EXPRES,14
'12543',TIRUPATHI EXP  ,8
'13119',SDAH  DLI EXP  ,88
'13118',LGL KOAA EXPRES,11
'22884',PURI GARIB RATH,26
'12542',LTT GKP SUP EXP,14
'12541',GKP LTT SUP EXP,14
'12540',LKO YPR SUP EXP,18
'14369',TRIBENI EXPRESS,34
'54078',DLI BE PASSENGR,37
'15616',INTERCITY EXP  ,9
'54075',SPC DELHI PASS ,40
'15902',DBRG SBC EXPRES,39
'15617',GHY NHLN I C EX,14
'15615',INTERCITY EXP  ,9
'24888',BME HW LINK EXP,40
'15618',NHLN GHY IC EXP,14
'17307',BASAVA EXPRESS ,34
'15619',GAYA KYQ WKLY E,21
'12888',PURI HWH EXPRES,11
'12889',TATA YPR EXP   ,25
'12886',ARANYAK EXPRESS,13
'12887',HWH PURI EXPRES,10
'12884',RUPASIBANGLA EX,15
'12885',ARANYAK EXPRESS,13
'12882',PURI HWH G RATH,9
'12883',RUPASIBANGLA EX,14
'12880',BBS LTT SF EXP ,20
'12881',HWH PURI G RATH,9
'11047',MIRAJ UBL EXP  ,16
'11046',DIKSHABHUMI EXP,38
'11045',DIKSHABHOOMI EX,39
'11044',LOKAMANYA TT EX,28
'11043',MADURAI EXPRESS,28
'11042',MUMBAI EXPRESS ,35
'11041',CSTM CHENNAI EX,38
'11040',MAHARASHTRA EXP,66
'15308',NAINITAL EXP   ,17
'11049',KOLHAPUR EXPRES,18
'11048',UBL MRJ EXPRESS,15
'17309',YPR VASCO EXP  ,18
'15960',KAMRUP EXPRESS ,56
'16577',YPR HRR EXP    ,10
'02853',SUVIDHA SPECIAL,8
'15307',NAINITAL EXP   ,11
'19132',KUTCH EXPRESS  ,22
'14211',INTERCITY EXP  ,16
'16574',YESVANTPUR EXP ,10
'19131',KUTCH EXPRESS  ,22
'11301',UDYAN EXPRESS  ,36
'11302',UDYAN EXP      ,35
'11303',HYB KOP EXPRESS,37
'11304',KOP HYB EXPRESS,38
'11305',CSTM SOLAPUR EX,8
'11306',SOLAPUR CSTM EX,8
'57563',HYB PBN PAS    ,45
'12409',GONDWANA EXPRES,34
'12402',MAGADH EXPRESS ,29
'12403',ALD JP EXPRESS ,18
'12401',MAGADH EXPRESS ,29
'12406',GONDWANA EXPRES,28
'12404',JP  ALD EXPRESS,17
'12405',GONDWANA EXPRES,28
'11271',VINDHYACHAL EXP,45
'11272',VINDHYACHAL EXP,45
'12536',LJN GARIBRATH  ,13
'12537',MANDUADIH EXP  ,13
'12534',PUSHPAK EXPRESS,15
'12535',LJN R GARIBRATH,13
'12532',GKP INTERCITY  ,12
'12533',PUSHPAK EXP    ,16
'12531',LJN INTERCITY  ,12
'12538',MUV MFP EXPRESS,13
'12539',YPR LUCKNOW EXP,21
'22452',CDG BDTS SF EXP,24
'22453',RAJYA RANI EXP ,10
'19201',SC PBR  EXP    ,29
'19203',BDTS BVC EXP   ,19
'19202',PBR SC EXPRESS ,29
'19204',BVC BDTS EXPRES,19
'22150',PUNE ERS SUP EX,19
'22409',ANVT GARIB RATH,11
'22408',BSB GARIB RATH ,9
'22405',BGP  GARIB RATH,21
'22404',NDLS PDY EXP   ,15
'16093',LUCKNOW EXP    ,46
'22406',ANVT BGP G RATH,21
'22401',DEE UHP AC SUP ,9
'16094',LJN  MAS EXP   ,46
'22403',PDY NDLS EXPRES,15
'22402',UHP DEE AC SUP ,8
'12659',GURUDEV EXPRESS,46
'12658',CHENNAI MAIL   ,8
'22454',RAJYA RANI EXP ,10
'12652',T N SMPRK KRNTI,15
'12651',SAMPARK KRANTI ,17
'12650',KTK SMPRK K EXP,9
'12657',BANGALORE MAIL ,9
'12656',NAVAJIVAN EXP  ,40
'12655',NAVJEEVAN EXP  ,39
'51753',REWA CHRM F PAS,30
'51754',CHRM REWA F PGR,30
'56503',VIJAYAWADA PASS,78
'19666',UDZ KURJ EXP   ,30
'19665',KURJ UDZ EXP   ,30
'19660',UDZ SHM EXP    ,23
'17239',SIMHADRI EXP   ,27
'17236',BANGALORE EXP  ,16
'17234',BHAGYANAGAR EXP,35
'17235',NAGERCOIL EXP  ,17
'17232',NSL NS EXP     ,26
'17233',BHAGYANAGAR EXP,34
'17230',SABARI EXP     ,45
'17231',NS NSL EXP     ,26
'13430',ANVT MLDT EXP  ,23
'55602',LMG KYQ PASS   ,26
'22691',RAJDHANI EXP   ,13
'17302',DWR MYSORE EXP ,18
'17301',MYS DHARWAD EXP,18
'13018',GANADEVTA EXP  ,15
'17305',NZM LINK EXP   ,26
'11454',PRERANA EXPRESS,14
'17308',BASAVA EXPRESS ,33
'13019',BAGH EXPRESS   ,68
'11450',JAT  JBP EXPRES,29
'11451',INTERCITY EXP  ,10
'11452',INTERCITY EXP  ,10
'11453',PRERANA EXPRESS,14
'57564',NED HYB PAS    ,28
'17430',RAYALASEEMA EXP,35
'53048',VISWABHARTI PAS,24
'53047',VISWAVARATI PAS,23
'22932',JSM BDTS SF    ,27
'54834',HSR JP PASS    ,41
'13329',GANGADAMODAR EX,11
'53139',KOAA JSME PGS  ,18
'17057',DEVAGIRI EXP   ,31
'17058',DEVAGIRI EXP   ,30
'54805',JAIPUR PASSENGE,91
'54806',JP ADI PASSNGER,88
'54801',JU AII FAST PAS,18
'54802',AII JU FAST PAS,17
'19602',NJP UDZ EXPRESS,29
'12349',BGP NDLS EXP   ,15
'12348',RAMPURHAT EXP  ,9
'12341',AGNIBINA EXPRES,7
'12340',COALFIELD EXP  ,13
'12343',DARJEELING MAIL,14
'12342',AGNIBINA EXPRES,7
'12345',SARAIGHAT EXP  ,14
'12344',DARJEELING MAIL,13
'12347',RAMPURHAT EXP  ,9
'12982',CHETAK EXP     ,18
'18239',GAD NGP EXP    ,32
'18238',CHHATISGARH EXP,101
'12981',CHETAK EXP     ,18
'18233',NARMADA EXPRESS,72
'18237',CHATTISGARH EXP,85
'18236',BSP BPL PAS    ,67
'18235',BILASPUR EX PAS,78
'18234',NARMADA EXP PSG,73
'14156',JAT CNB EXP    ,15
'14154',ASR CNB EXPRESS,14
'14155',CNB JAT EXP    ,15
'14152',ANVT CNB EXP   ,13
'14153',CNB ASR EXP    ,14
'14151',CNB ANVT EXP   ,13
'22688',CDG MDU SF EXP ,32
'16630',MALABAR EXPRESS,55
'54833',JP HSR PASS    ,41
'14803',BGKT ADI EXPRES,17
'13108',MAITREE EXPRESS,3
'13109',MAITREE EXPRESS,3
'14806',BME YPR AC EXP ,38
'13104',BHAGIRATHI EXP ,14
'13105',SDAH BUI EXPRES,29
'13106',BUI SDAH EXP   ,29
'13107',MAITREE EXPRESS,3
'22894',HWH SNSI EXPRES,15
'13103',BHAGIRATHI EXP ,14
'18304',PURI SBP INT EX,14
'18303',SBP PURI INT EX,14
'18302',RGDA SBP EXPRES,31
'18301',SBP RGDA EXPRES,20
'22213',SHM PNBE DURONT,6
'12319',KOAA AGC EXPRES,12
'18309',NAGAVALI EXPRES,21
'14370',TRIVENI EXP    ,45
'17209',SESHADRI EXPRES,36
'19054',MFP ST EXPRESS ,24
'17208',BZA SNSI EXP   ,33
'11050',AHMEDABAD EXP  ,18
'11051',SUR KOP EXP    ,11
'11052',KOP SOLAPUR EXP,9
'11053',LTT AZAMGARH EX,17
'11054',AMH LTT EXP    ,17
'11055',GODAN EXPRESS  ,24
'11056',GODAN EXPRESS  ,23
'11057',AMRITSAR EXPRES,98
'11058',ASR CSTM  EXP  ,90
'11059',CHHAPRA EXPRESS,26
'19264',DEE PORBNDR EXP,32
'19056',JU BL EXPRESS  ,18
'29059',HAPA INTERCITY ,18
'12437',RAJDHANI EXP   ,7
'12436',NDLS DBRT RJDHN,26
'12435',DBRT RAJDHANI E,26
'12434',CHENNAI RAJDHNI,9
'12433',RAJDHANI EXP   ,10
'12432',TRIVNDRM RJDHNI,19
'12431',RAJDHANI EXP   ,19
'12430',NDLS LKO AC SF ,6
'12439',RNC NDLS RAJ EX,11
'12438',NZM SC RJDHNI  ,7
'74640',SINA   BAHL    ,8
'22457',NED UHL SF EXP ,26
'11201',LTT AJNI EXPRES,27
'16565',MANGALOREEXP   ,22
'11203',NGP JAIPUR EXP ,28
'11202',AJNI LTT EXPRES,27
'11205',LTT NZB EXPRESS,21
'11204',JP NGP EXP     ,28
'11207',NGP REWA EXP   ,16
'11206',NZB  LTT EXP   ,20
'11208',REWA NAGPUR EXP,16
'12502',PORVOTR S KRNTI,17
'12501',PORVOTR S KRNTI,19
'16566',YESVANTPUR  EXP,21
'12507',GUWAHATI EXP   ,54
'12506',NORTH EAST EXP ,30
'12505',NORTH EAST EXP ,31
'07720',PUSHKARAM SPL  ,8
'12509',GUWAHATI EXP   ,42
'12508',GHY TVC EXPRESS,50
'07724',PUSHKARAM SPL  ,20
'50103',RATNAGIRI PASS ,37
'16562',KCVL YPR AC EXP,16
'50105',DIVA SWV PASS  ,46
'50104',RN DADAR PASS  ,38
'16561',KOCHUVELI  ACEX,16
'50106',SWV DIVA PASS  ,47
'16557',RAJYARANI EXP  ,9
'16558',RAJYARANI EXP  ,9
'19215',SAURASHTRA EXP ,63
'12644',SWARNA JAYANTI ,32
'12645',NIZAMUDDIN EXP ,31
'12646',ERS MILLENUM EX,29
'12647',KONGU EXPRESS  ,31
'12640',BRINDAVAN EXP  ,14
'12641',TIRUKKURAL EXP ,27
'12642',THIRUKKURAL EXP,27
'12643',NIZAMUDDIN EXP ,34
'12648',KONGU EXPRESS  ,29
'12649',SAMPARK KRANTI ,9
'22410',GAYA GARIB RATH,11
'22411',NHLN NDLS AC EX,17
'59272',BVC DEE LINK EX,40
'12346',SARAIGHAT EXP  ,14
'16331',TRIVANDRAM EXP ,43
'16332',MUMBAI EXPRESS ,43
'16333',VRL TVC EXPRESS,59
'16334',VERAVAL EXPRESS,64
'16335',NAGERCOIL EXP  ,56
'16336',GANDHIDHAM EXP ,59
'16337',OKHA ERS EXPRES,50
'16338',OKHA EXPRESS   ,51
'16339',NAGARCOIL EXP  ,41
'17201',GOLCONDA EXP   ,24
'17207',SNSI BZA EXP   ,33
'17206',CCT  SNSI  EXP ,39
'17205',SNSI CCT EXP   ,43
'17204',CCT BVC EXPRESS,31
'25036',RMR DLI LINK EX,5
'18109',ROU MURI JAT EX,73
'11423',SUR HUBLI EXP  ,18
'11424',SOLAPUR EXPRESS,17
'14523',HARIHARNATH EXP,19
'57550',HYDERABAD PASS ,56
'53050',MKA HWH  PASS  ,48
'13351',DHN ALAPPUZHA E,97
'13352',DHANBAD EXPRESS,108
'14526',UMB INTERCITY  ,15
'14525',SGNR INTERCITY ,15
'14524',UMB MFP EXPRESS,19
'15030',PUNE GKP EXPRES,20
'58112',ITR TATA PASSGN,106
'58113',TATA BSP PASS  ,57
'15031',RMR CDG EXP    ,11
'10001',SATPURA EXPRESS,12
'10002',SATPURA EXPRESS,12
'14018',SADBHAVNA EXP  ,37
'14017',SADBHAVNA EXP  ,38
'14016',SADHBHAWNA EXP ,37
'14015',SADBHAWANA EXP ,36
'14014',SULTANPUR EXP  ,15
'14013',SLN DLI EXP    ,15
'14012',HSX DLI EXP    ,7
'14011',DLI HSX EXP    ,7
'14010',PATALKOT EXP   ,22
'17063',AJANTA EXPRESS ,23
'17064',AJANTA EXPRESS ,23
'28242',CHRM DURG PAS E,20
'22110',NZM LTT AC EXP ,9
'12358',ASR KOAA SUP EX,14
'12359',PNBE GARIB RATH,13
'22455',SNSI KLK SUP EX,15
'12352',DANAPUR HWH EXP,26
'12353',HWH LKU EXP    ,18
'12350',NDLS BGP EXPRES,14
'12351',DANAPUR EXPRESS,26
'12356',ARCHANA EXPRESS,19
'12357',DURGIANA EXP   ,14
'12354',LKU HWH EXP    ,17
'12355',ARCHNA EXPRESS ,19
'16590',RANICHENNAMA EX,30
'14163',SANGAM EXPRESS ,43
'14164',SANGAM EXP     ,23
'16591',HAMPI EXPRESS  ,30
'16308',ALLEPPEY EXP   ,29
'19047',ST BHAGALPUR EX,39
'09607',NDT UDZ SPL    ,6
'09608',UDZ NDT SPL    ,6
'19252',OKHA SOMNATH EX,17
'16592',HAMPI EXP      ,30
'18311',SBP BSB EXPRESS,38
'18312',BSB SBP EXPRESS,39
'18645',EAST COAST EXP ,59
'15160',SARNATH EXPRESS,42
'19046',TAPTI GANGA EXP,37
'16303',VANCHINAD EXP  ,20
'16302',VENAD EXPRESS  ,31
'19045',TAPTI GANGA EXP,37
'15669',NAGALAND EXPRES,7
'13005',AMRITSAR MAIL  ,57
'13007',U ABHATOOFAN EX,112
'13006',ASR HWH MAIL   ,56
'14804',ADI BGKT EXPRES,17
'01149',BSL CSN T F SPL,4
'17644',CIRCAR EXP     ,34
'13009',DOON EXPRESS   ,81
'13008',U A TOOFAN EXP ,121
'14805',BARMER AC EXP  ,38
'15668',KYQ GIMB EXPRES,37
'22892',RNC HWH INT EXP,14
'18009',SRC AII EXPRESS,24
'14809',JSM JU EXPRESS ,10
'59393',DHD HBJ FAST PA,51
'18005',HWH KORAPUT EXP,47
'18006',KORAPUT HWH EXP,46
'59390',BPL INDB PASS  ,17
'18001',KANDARI EXPRESS,9
'18002',KANDARI EXPRESS,9
'59394',HBJ DHD FAST PA,51
'22891',HWH RNC INT EXP,14
'59822',BIX KOTA PASS  ,32
'25014',CORBET PRK LINK,33
'18520',LTT VSKP EXP   ,21
'12420',GOMTI EXPRESS  ,17
'12421',NED ASR SUP EXP,23
'12422',ASR NED SF EXP ,23
'12423',DBRT RAJDHANI E,22
'12424',DBRT RAJDHANI  ,22
'12425',JAMMU RAJDHANI ,6
'12426',JAMMU RAJDHANI ,6
'12427',REWA ANVT EXP  ,12
'12428',ANVT REWA EXP  ,12
'12429',LKO NDLS AC SF ,6
'19040',AVADH EXPRESS  ,87
'19058',BSB UDN EXP    ,13
'19059',JAMNAGAR INTCIT,19
'74639',BAHL  SINA     ,8
'59207',BVC OKHA PASS  ,64
'04801',JU JSMSPL      ,11
'04802',JSM JU SPL     ,11
'19115',BDTS BHUJ EXP  ,29
'12584',LJN DOUBLE DKR ,5
'12518',KOL GARIB RATH ,14
'12519',LTT KYQ AC EXP ,29
'19049',BDTS PATNA EXP ,16
'19048',BGP SURAT EXP  ,39
'12514',GHY SC EXPRESS ,31
'12515',GUWAHATI EXP   ,53
'12516',GHY TVC EXPRESS,53
'12517',GHY GARIB RATH ,14
'12510',GHY SBC EXPRESS,42
'12511',RAPTI SAGAR EXP,62
'12512',RAPTISAGAR EXP ,63
'12513',SC GHY EXP     ,32
'19050',PNBE BDTS EXP  ,15
'19051',SHRAMIK EXPRESS,19
'51434',PVR NZB PASS   ,52
'15662',KYQ RNC EXPRESS,27
'16523',KARWAR  EXP    ,29
'19053',ST MFP EXPRESS ,26
'16525',BANGALORE EXP  ,48
'16524',BANGALORE EXP  ,26
'16527',YPR CANNANORE E,20
'16526',KANYAKUMARI EXP,51
'16528',YESVANTPUR EXP ,20
'51433',NZB PVR PASS   ,52
'12631',NELLAI EXPRESS ,16
'12630',YPR S KRNTI EXP,11
'12633',KANYAKUMARI EXP,18
'12632',NELLAI EXPRESS ,16
'12635',VAIGAI EXP     ,12
'12634',KANYAKUMARI EXP,18
'12637',PANDIAN EXP    ,14
'12636',VAIGAI EXP     ,13
'12639',BRINDAVAN EXP  ,13
'12638',PANDIAN EXP    ,13
'22133',SUR YPR SUP EXP,14
'19057',UDN VARANASI EX,13
'22134',SOLAPUR EXP    ,13
'56701',MADURAI PASSR  ,49
'56700',PUNALUR PASS   ,46
'16183',UZHAVAN EXPRESS,18
'16182',SILAMBU EXPRESS,14
'16181',SILAMBU EXPRESS,13
'16180',MANNAI EXP     ,15
'16187',ERNAKULAM EXP  ,31
'16186',VELANKANNI EXP ,15
'12189',MAHAKAUSHAL EXP,30
'12188',JBP GARIB RATH ,15
'12187',MUMBAI GARIBRAT,15
'12186',REWANCHAL EXP  ,16
'12185',REWANCHAL EXP  ,16
'12184',PBH BPL EXPRESS,11
'12183',BPL PBH SUP EXP,11
'12182',DAYODAYA EXP   ,25
'12181',DAYODAYA EXPRES,23
'12180',LJN  INTERCITY ,13
'06065',MAS ERS EXP    ,16
'06064',TEN CHENNAI EXP,15
'06066',CHENNAI EXP    ,15
'12748',PALNADU EXP    ,15
'06063',TIRUNELVELI EXP,14
'29060',SURAT INTERCITY,18
'12747',PALNADU EXP    ,15
'12741',VSG PATNA EXP  ,21
'12740',VSKP GARIB RATH,12
'12742',PNBE VSG EXPRES,21
'19226',JAT BTI EXP    ,23
'19225',BTI JAT EXP    ,23
'19224',JAT ADI EXPRESS,58
'19223',ADI JAT EXPRESS,57
'19222',SOMNATH EXPRESS,16
'19221',SOMNATH EXPRESS,16
'15666',B G EXPRESS    ,10
'17321',UBL LTT EXP    ,12
'17322',LTT HUBLI EXP  ,12
'52993',MHOW AK FAST PA,33
'57549',AURANGABAD PSGR,59
'13346',BSB INTERCITY E,8
'13347',PALAMOU EXPRESS,33
'13345',SGRL INTERCITY ,9
'13348',PALAMOU EXP    ,33
'12298',ADI DURONTO EXP,5
'12293',ALD DURONTO EXP,6
'12292',YESVANTPUR EXP ,8
'12291',YPR CHENNAI EXP,8
'12290',NGP CSTM DURONT,5
'12297',PUNE DURONTO   ,2
'12296',SANGHA MITRA EX,36
'12295',SANGHAMITRA EXP,38
'12294',ALD LTT DURONTO,3
'17214',NSL NS EXP     ,22
'17210',SHESHADRI EXP  ,34
'17211',KONDAVEEDU EXP ,19
'17212',KONDAVEEDU EXP ,19
'17213',NS NSL EXP     ,22
'14008',SADHBHAWNA EXP ,35
'14009',PATALKOT EXP   ,22
'14001',DLI ATTARI EXP ,3
'14002',ATTARI DLI EXP ,3
'14003',MLDT NDLS EXPRE,24
'14004',NDLS MLDT EXP  ,24
'14005',LICHCHAVI EXP  ,41
'14006',LICHCHAVI EXP  ,41
'14007',SADBHAWNA EXP  ,34
'22940',BSP HAPA  SF EX,23
'22941',INBD JAT S F EX,16
'22942',JAT INDB SF EXP,16
'15108',MTJ CPR EXPRESS,22
'16780',RMM TPTY EXP   ,22
'12367',VIKRAMSHILA EXP,20
'12366',PNBE JANSHATABD,10
'12365',RNC JANSHATABDI,10
'12364',HDB KOAA SF EXP,11
'12363',KOAA HDB SUPF E,11
'12362',CSTM ASANSOL EX,19
'12361',ASN CSTM EXPRES,19
'12360',KOL GARIB RATH ,13
'16859',MS MANGALORE EX,52
'16858',PUDUCHERRY EXP ,20
'12369',KUMBHA EXPRESS ,18
'12368',VIKRAMSHILA EXP,20
'12165',LTT BSB SUP EXP,15
'12164',CHENNAI EXP    ,23
'12167',LTT BSB SUP EXP,14
'12166',BSB LTT SUP EXP,15
'12161',LASHKAR EXPRESS,21
'12160',JBP AMI SUP EXP,21
'12163',CHENNAI EXPRESS,25
'12162',LASHKAR EXPRESS,22
'12169',SUR INTERCITY  ,6
'12168',BSB LTT SUP EXP,13
'15906',VIVEK EXPRESS  ,62
'18495',BHUBANESWAR EXP,29
'54602',ASR HSR PASNGER,38
'02511',KYQ KUMBH SPL  ,25
'54601',HSR ASR PSNGR  ,37
'15904',CDG DBRG EXPRES,35
'16861',PDY CAPE EXPRES,23
'15905',DBRG  VIVEK EXP,62
'16862',PUDUCHERRY EXP ,23
'10104',MANDOVI EXPRESS,22
'02512',KYQ PUNE SPECIA,25
'22120',TPTY DOUBLE DEC,12
'10103',MANDOVI EXPRESS,22
'15903',DBRG CDG EXPRES,35
'57516',NED DD PASNGR  ,56
'15901',DIBRUGARH EXP  ,41
'02779',VSG SBC LINK EX,22
'13168',AGC KOAA EXP   ,22
'13162',BLGT KOAA EXP  ,12
'13163',HATE BAZARE EXP,32
'13160',JBN KOLKATA EXP,16
'13161',KOAA BLGT EXP  ,12
'13166',SMI KOAA EXP   ,15
'13167',KOAA AGC EXPRES,23
'13164',HATE BAZARE EXP,32
'13165',KOAA SMI EXPRES,15
'08010',PURI HWH SPECIA,9
'83131',GRD DNR LINK   ,36
'58702',ABKP SDL PASS  ,24
'58701',SDL ABKP PASS  ,24
'18215',DURG JAT EXPRES,26
'13017',GANADEVTA EXP  ,15
'18010',SANTRAGACHI EXP,39
'13012',MLDT HWH INT EX,18
'13010',DOON EXPRESS   ,78
'13011',HWH MLDT INT EX,18
'01154',CSTM CSN T F SP,12
'01156',PVR NAVI KMN SP,25
'01150',CSN BSL T F SPL,4
'01151',CSN DHI T F SPL,4
'01152',DHI CSN T F SPL,4
'01153',CSN CSTM T F SP,12
'59385',PANCHVALLEY PAS,49
'59386',PANCHVALLEY  PA,128
'59389',BHOPAL PASSENGE,18
'12987',SDAH AJMER EXP ,23
'12986',JP DOUBLE DCKER,6
'12985',DEE DOUBLE DCKE,6
'12984',CDG AII G RATH ,15
'12983',AII CDG G RATH ,15
'04736',HW BKN SPL     ,18
'04735',BKN HW SPL     ,18
'12980',JP BDTS SUP EXP,17
'12989',AJMER EXPRESS  ,23
'12988',AII SDAH EXPRES,22
'18310',NAGAWALI  EXP  ,23
'15273',SATYAGRAH EXP  ,47
'18105',ROU BBS INT EXP,13
'18104',JALIANWALA B EX,27
'18107',ROU KRPU EXPRES,13
'18106',BBS ROU INT EXP,12
'18101',TATA JAT EXP   ,70
'18103',JALIANWALA B EX,26
'15274',SATYAGRAH EXP  ,46
'18108',KRPU ROU EXPRES,13
'59076',BSL ST BCT PASS,76
'59077',BHUSAVAL PASS  ,33
'59075',BHUSAVAL PASS  ,46
'59078',SURAT PASSENGER,33
'16032',ANDAMAN EXPRESS,79
'19023',FZR JANATA EXP ,96
'23142',TEESTA TORSA EX,29
'17618',TAPOVAN EXP    ,21
'16587',YPR BKN EXP    ,32
'17619',AWB NED EXP    ,8
'07707',PUSHKARAM SPL  ,23
'07704',PUSHKARAM SPL  ,18
'07703',PUSHKARAM SPL  ,18
'07708',PUSHKARAM SPL  ,23
'12569',JYG ANVT G RATH,22
'12568',RAJYA RANI EXP ,9
'12561',SWATANTRA S EXP,20
'12560',SHIV GANGA EXP ,5
'19052',BL SHRAMIK EXP ,16
'12562',SWATANTRTA S EX,19
'12565',BIHAR S KRANTI ,13
'19055',BL JODHPUR EXP ,18
'12567',RAJYA RANI EXP ,9
'12566',BIHAR S KRANTI ,13
'19107',JANMABHOOMI  EX,19
'22308',BKN HWH SUPFAST,29
'22309',HWH NJP AC EXP ,8
'55150',MUV GKP PASS   ,30
'16532',GARIB NAWAZ EXP,37
'16533',BGKT SBC EXPRES,29
'16531',SBC GARIB NAWAJ,39
'16536',GOLGUMBAZ EXP  ,30
'16537',NAGERCOIL  EXP ,15
'16534',SBC JODHPUR EXP,29
'16535',GOLGUMBAZ EXP  ,30
'58870',JBP BTC PASS   ,23
'12622',TAMIL NADU EXP ,11
'12623',TRIVANDRUM MAIL,23
'12620',MATSYAGANDA EXP,23
'12621',TAMIL NADU EXP ,12
'12626',KERALA EXPRESS ,41
'12627',KARNATAKA EXP  ,36
'12624',CHENNAI MAIL   ,23
'12625',KERALA EXPRESS ,44
'12628',KARNATAKA EXP  ,35
'12629',SAMPARK KRANTI ,13
'13508',GKP ASN EXPRESS,15
'56214',TPTY CMNR PASS ,47
'19454',PURI GIMB EXP  ,38
'15279',POORBIYA EXP   ,24
'19451',GANDHIDHAM EXP ,15
'19452',BANDRA T EXP   ,15
'19453',GIMB PURI EXP  ,38
'22882',BBS PUNE EXP   ,14
'21028',MUMBAI MAIL    ,53
'16580',YESVANTHPUR EXP,9
'22866',PURI LTT SF EXP,17
'12198',BPL INTERCITY  ,11
'16629',MALABAR EXP    ,57
'12190',MAHAKOSHAL EXP ,29
'12191',NDLS JBP SUP EX,24
'12192',JBP NDLS SUP EX,24
'12193',YPR JBP EXP    ,21
'12194',JBP YPR SUP EXP,20
'12195',AF AII INTERCIT,14
'12196',AII AF INTERCIT,14
'12197',GWL INTERCITY  ,11
'11407',PUNE LJN EXPRES,17
'11406',AMI PUNE EXP   ,18
'11405',PUNE AMI EXP   ,18
'11404',KOP NAGPUR EXP ,22
'11403',NGP KOP EXPRESS,23
'11402',NANDIGRAM  EXP ,34
'11401',NANDIGRAM  EXP ,34
'12759',CHARMINAR EXP  ,17
'12321',HWH MUMBAI MAIL,49
'11408',LJN PUNE EXP   ,17
'12320',AGC KOAA EXP   ,13
'16588',BKN YPR EXPRESS,32
'12697',TRIVANDRUM EXP ,16
'52076',MVJ MJ PASS    ,16
'52075',MJ MVJ PASS    ,16
'15652',LOHIT EXPRESS  ,42
'12284',NZM ERS DURONTO,5
'12285',NZM DURONTO  EX,6
'12286',NZM SC DURONTO ,3
'12287',DEHRADUN EXP   ,26
'12280',TAJ EXPRESS    ,11
'12281',BBS DURONTO EXP,7
'12282',BBS DURONTO EXP,8
'12283',ERS NZM DURONTO,5
'12288',DDN KCVL SUP EX,30
'12289',NAGPUR DURONTO ,5
'15653',AMARNATH EXPRES,43
'02882',SUVIDHA SPL    ,7
'52451',SHIVALK DLX EXP,2
'52453',KALKA SIMLA EXP,12
'52452',SHIVALK DLX EXP,2
'52455',HIMALYAN QUEEN ,11
'52454',SML KLK EXPRESS,14
'52457',KLK SML PASS   ,20
'52456',HIMALYAN  QUEEN,11
'57625',KAKATIYA  F  PA,37
'52458',SML KLK PASS   ,20
'57626',KAKATHIYA  F PS,37
'57620',KCG RAL FASTPAS,24
'12829',BHUBANESWAR EXP,21
'22931',BDTS JSM EXP   ,27
'17008',DBG SC EXPRESS ,25
'22933',BDTS JP SF EXP ,15
'18609',RNC LTT EXPRESS,32
'22935',BDTS PIT SF EXP,13
'22934',JP BDTS SF EXP ,15
'22937',RAJKOT REWA EXP,23
'22936',PIT BDTS SF EXP,13
'17001',SNSI SC EXP    ,26
'22938',REWA RJT SUP EX,23
'17002',SC SNSI EXP    ,26
'17005',HYB RXL EXPRESS,30
'17007',SC DBG EXPRESS ,24
'17006',DBG HYB EXPRESS,30
'12370',HW HWH S F EXP ,18
'12371',HWH JSM EXP    ,31
'12372',JSM HWH SF EXP ,29
'12373',SDAH RPH INTRCT,8
'12374',RPH SDAH INTRCT,8
'12375',MAS ASN EXPRESS,27
'12376',ASN MAS EXPRESS,28
'12377',PADATIK EXPRESS,8
'12378',PADATIK EXPRESS,8
'12379',JALIANWALAB EXP,14
'12176',CHAMBAL EXPRESS,32
'12177',CHAMBAL EXP    ,35
'12174',UDYOG NAGRI EXP,13
'12175',CHAMBAL EXP    ,32
'12172',HW LTT AC SF   ,11
'12173',UDYOG NAGRI EXP,13
'12170',PUNE INTERCITY ,6
'12171',LTT HW AC SUP  ,11
'13483',FARAKKA EXPRESS,64
'13484',FARAKKA EXPRESS,62
'12178',CHAMBAL EXPRESS,35
'12179',LJN AGC INTRCIT,13
'14504',SVDK KLK EXP   ,10
'14501',BTI JAT EXP    ,13
'10112',KONKAN KANYA EX,21
'10111',KONKAN KANYA EX,21
'13157',TIRHUT EXPRESS ,15
'13156',MITHILANCHAL EX,19
'13155',MITHILANCHAL EX,19
'13154',GOUR EXP       ,15
'13153',GOUR EXPRESS   ,28
'13152',KOLKATA EXP    ,97
'13151',JAMMU TAWI EXP ,99
'13150',KANCHANKANYA EX,25
'22845',PUNE HATIA SUP ,18
'22844',PNBE BSP EXPRES,22
'22847',VSKP LTT EXPRES,23
'14502',JAT BTI EXP    ,13
'17488',TIRUMALA EXPRES,33
'13159',KOLKATA JBN EXP,16
'13158',TIRHUT EXPRESS ,15
'15058',ANVT GKP EXP   ,8
'54703',ABS JU PASSENGR,60
'54702',LGH ABS PASNGER,42
'54701',BTI LGH PASNGER,33
'18515',TATA VSKP EXP  ,25
'53520',GRD LINK PAS EX,15
'54704',JU BTI PASENGER,57
'15050',GKP KOLKATA EXP,27
'15051',KOAA GKP EXP   ,22
'15670',NAGALAND EXPRES,7
'14632',ASR DDN EXPRESS,28
'14705',DEE BGKT EXP   ,20
'14610',HEMKUNT EXP    ,22
'05818',DBB APDJ SPECIA,8
'19066',BGKT BDTS EXP  ,11
'05817',APDJ DBB SPECIA,8
'13023',HWH GAYA EXPRES,33
'13022',MITHILA EXPRESS,42
'13021',MITHILA EXPRESS,42
'13020',BAGH EXPRESS   ,65
'13027',KAVI GURU EXP  ,11
'13026',BPL HOWRAH EXP ,25
'13025',HWH BPL EXPRESS,25
'13024',GAYA HWH EXPRES,33
'13028',KAVI GURU EXP  ,11
'59442',AHMEDABAD PASS ,75
'59441',AHMEDABAD PASS ,96
'59440',AHMADABAD PASS ,68
'08449',BBS PNBE SPL   ,15
'12990',AII DDR  EXPRES,23
'12991',UDZ JP EXP     ,15
'12992',JP UDZ EXP     ,15
'11088',PUNE VERAVAL EX,26
'12994',PURI GIMB  EXP ,27
'12995',BDTS AII UDZ EX,24
'12996',UDZ BDTS SF EXP,18
'11082',GKP LTT EXP    ,20
'11081',LTT GKP EXPRESS,20
'11087',VERAVAL PUNE EX,26
'18518',VSKP KRBA EXPRE,31
'14723',KALINDI EXPRESS,31
'14724',KALINDI EXPRESS,30
'29020',DEHRADUN EXPRES,35
'18519',VSKP LTT EXPRES,20
'51450',SUR PUNE PASS  ,31
'15651',LOHIT EXPRESS  ,43
'16218',SNSI MYS EXPRES,23
'18110',JAT MURI ROU EX,82
'18111',TATA YPR EXP   ,41
'51451',PUNE BRMT PASS ,14
'24512',KRJ ALD LINK EX,26
'23154',GOUR EXP       ,28
'22209',NDLS DURONTO EX,2
'22208',SUPER AC EXP   ,7
'18507',VSKP ASR HKG EX,48
'51452',BRMT PUNE PAS  ,14
'22203',SC DURONTO EXP ,6
'22202',DURONTO EXPRESS,6
'22201',DURONTO EXPRESS,6
'22207',SUPER AC EXP   ,9
'22206',MAS DURONTO EXP,4
'22205',MDU DURONTO EXP,5
'22204',VSKP DURONTO  E,6
'07710',PUSHKARAM SPL  ,28
'07711',PUSHKARAM SPL  ,22
'07712',PUSHKARAM SPL  ,25
'07713',PUSHKARAM SPL  ,17
'07714',PUSHKARAM SPL  ,13
'07717',PUSHKARAM SPL  ,17
'07718',PUSHKARAM SPL  ,17
'07719',PUSHKARAM SPL  ,11
'18426',DURG PURI EXP  ,29
'12578',BAGMATI EXPRESS,39
'15648',GHY LTT EXPRESS,56
'51402',MMR PUNE PASS  ,34
'12570',JYG GARIB RATH ,22
'12577',BAGMATI EXPRESS,41
'25910',NTSK JIVACHH LI,42
'55149',GKP MUV PASS   ,29
'22859',PURI CHENNAI EX,21
'22117',KCG DOUBLE DECK,6
'22116',KRMI LTT AC SUP,10
'22115',LTT KRMI AC SUP,9
'22114',KCVL LTT SF EXP,27
'22113',LTT KCVL EXPRES,29
'16058',SAPTAGIRI EXP  ,9
'22111',BSL NGP SUP EXP,19
'16508',JODHPUR EXPRESS,47
'16507',BGKT SBCEXP    ,45
'16054',MADRAS EXPRESS ,9
'16057',SAPTHAGIRI EXP ,8
'16502',AHMADABAD EXP  ,26
'16053',TIRUPATHI EXP  ,8
'22118',GNT DOUBLE DECK,6
'22686',YPR S KRANTI EX,15
'22685',YPR  SKRANTIEXP,17
'22684',LKO YPR SUP    ,31
'22683',YPR LKO EXP    ,31
'22682',MYSORE EXPRESS ,11
'12619',MATSYAGANDHA EX,25
'12618',MNGLA LKSDP EXP,47
'12617',MANGALA LDWEEP ,47
'12616',G T EXPRESS    ,39
'12615',GRAND TRUNK EXP,41
'12614',TIPPU EXPRESS  ,3
'12613',TIPPU EXPRESS  ,3
'12612',MAS GARIB RATH ,11
'12611',NZM GARIB RATH ,12
'12610',CHENNAI EXPRESS,19
'22646',AHILYANAGARI EX,54
'19421',ADI PNBE EXPRES,29
'19420',ADI CHENNAI EXP,27
'19422',PNBE ADI EXP   ,29
'18425',PURI DURG EXP  ,29
'16618',RAMESWARAM EXP ,17
'16613',COIMBATORE EXP ,35
'15227',MUZAFFARPUR EXP,35
'16611',TN CBE LINK EXP,16
'16610',NAGERCOIL EXP  ,16
'16617',COIMBATORE EXP ,17
'16616',CHEMMOZHI EXP  ,10
'16615',CHEMMOZHI EXP  ,10
'16614',RAJKOT EXPRESS ,36
'19116',BHUJ BDTS EXP  ,29
'12769',SEVEN HILLS EXP,17
'12768',NED  WKLY  EXP ,17
'12763',PADMAVATHI EXP ,19
'12762',KRMR TPTY   EXP,12
'12761',TPTY KRMR  EXP ,12
'12760',CHARMINAR EXP  ,17
'12767',NED  SRC SUP EX,17
'12766',AMI TPTY SUP EX,27
'12765',TPTY AMI SUP EX,25
'12764',PADMAVATI EXP  ,19
'07723',PUSHKARAM SPL  ,21
'17479',PURI TPTY EXP  ,72
'15228',MFP YPR EXP    ,35
'15658',KANCHANJUNGA EX,33
'24228',VARUNA EXP     ,13
'24227',VARUNA EXPRESS ,14
'15657',KANCHANJANGA EX,33
'15654',JAMMU GHY EXPRE,43
'14259',RMM VARANASI EX,38
'14258',KASHI V EXPRESS,35
'14709',BKN PURI EXP   ,31
'11704',REWA EXPRESS   ,17
'14708',RANAKPUR EXPRES,33
'11701',INDB INTERCITY ,16
'11702',JBP INTERCITY  ,16
'11703',REWA INDB EXP  ,17
'01712',JBP LTT SUP SPL,16
'01713',LTT HBJ SUP SPL,11
'17018',RAJKOT EXPRESS ,28
'01711',CSTM JBP SPL   ,15
'15640',GHY PURI EXPRES,30
'22927',LOK SHAKTI EXP ,22
'01714',HBJ CSTM SUP SP,13
'17013',PUNE HYB EXPRES,14
'22928',LOK SHAKTI EXP ,17
'17016',VISAKHA EXP    ,41
'17017',RJT SC EXPRESS ,27
'17014',HYB PUNE EXP   ,14
'17015',VISAKHA EXPRESS,40
'12389',GAYA MS EXPRESS,18
'12384',INTERCITY  EXP ,9
'12381',POORVA EXPRESS ,23
'12380',JALIANWALA B EX,14
'12383',INTERCITY  EXP ,9
'12382',POORVA EXPRESS ,23
'12143',LTT SLN SUP EXP,14
'12142',RJPB LTT EXP   ,12
'12141',RAJENDRA NGR EX,13
'12140',SEWAGRAM  EXP  ,33
'12147',NIZAMUDDIN EXP ,24
'12146',PURI LTT SUP EX,28
'12145',LTT PURI SUP EX,27
'12144',SLN LTT SF     ,14
'12149',PUNE PATNA EXP ,25
'12148',NZM KOP EXP    ,23
'14116',HW ALD EXP     ,15
'18478',KALINGAUTKALEXP,77
'14114',LINK EXPRESS   ,31
'14115',ALD HW EXP     ,15
'18474',JU PURI EXPRESS,43
'18477',UTKAL EXPRESS  ,76
'14119',KGM DDN EXPRESS,11
'18473',PURI JU EXPRESS,44
'22939',HAPA BSP EXPRES,23
'19609',AII HW EXP     ,18
'19608',AII KOAA EXP   ,27
'13141',TESTA TORSA EXP,37
'13142',TESTA TORSA EXP,34
'13145',RADHIKAPUR EXP ,20
'13146',RADHIKAPUR EXP ,20
'13147',UTTAR BANGA EXP,24
'13148',UTTAR BANGA EXP,24
'13149',KANCHANKANYA EX,25
'22854',VSKP SHM SF EXP,16
'22855',SRC TPTY SF EXP,18
'22852',SRC VIVEK EXP  ,40
'22853',SHM VSKP SF EXP,16
'22850',SC  SHM WKLY EX,20
'22851',MAQ VIVEK EXP  ,40
'56213',TIRUPATI PASSR ,46
'02590',GORAKHPUR  SPL ,12
'19607',AII WKLY EXP   ,26
'18619',RNC DUMK EXP   ,16
'18611',RNC BSB EXPRESS,31
'18610',RANCHI EXPRESS ,35
'18612',BSB RNC EXPRESS,31
'18615',KRIYA YOGA EXP ,17
'18616',KRIYA YOGA EXP ,17
'14609',HEMKUNT EXP    ,21
'14606',GARIB RATH EXP ,17
'14605',GARIB RATH EXP ,17
'22444',BDTS KANPUR EXP,23
'09722',UDZ JP SF SPL  ,12
'09721',JP UDZ SF SPL  ,12
'19012',GUJARAT EXPRESS,27
'22149',ERS PUNE EXPRES,19
'11094',MAHANAGARI EXP ,27
'11095',AHIMSA EXPRESS ,17
'11096',AHIMSA EXPRESS ,17
'11097',POORNA EXPRESS ,34
'11090',PUNE BGKT EXP  ,27
'11091',BHUJ PUNE EXP  ,24
'11092',PUNE BHUJ EXP  ,24
'11093',MAHANAGARI EXP ,28
'11098',POORNA EXPRESS ,33
'12969',CBE JAIPUR EXP ,40
'12968',JP MADRAS EXPRE,68
'53049',HWH MKA PAS    ,51
'15645',GUWAHATI EXPRES,49
'12964',MEWAR EXPRESS  ,18
'12967',JAIPUR EXP     ,32
'15646',GHY LTT EXP    ,51
'12961',AVANTIKA EXP   ,20
'12960',BHUJ DADAR EXP ,19
'12963',MEWAR EXPRESS  ,19
'12962',AVANTIKA EXP   ,20
'14732',FKA DLI EXP    ,29
'22412',NDLS NHLN AC SF,18
'14731',DLI FKA EXP    ,29
'29019',MDS KOTA MTC EX,37
'51034',CSTM FAST PASS ,30
'58501',VSKP  KRDL  PAS,52
'58502',KRDL  VSKP  PAS,51
'12815',NANDAN KANAN EX,31
'12814',STEEL EXP      ,9
'12817',JHARKHAND SJ EX,20
'12816',NANDAN KANAN EX,31
'12811',HATIA EXPRESS  ,18
'12810',HWH MUMBAI MAIL,42
'12813',STEEL EXPRESS  ,8
'12812',HTE LTT SUPER  ,18
'12819',ORISSA S KRANTI,13
'12818',JHARKHAND EXPRE,21
'12549',DURG JAT SF EXP,18
'12548',AGRA SUPER FAST,11
'56263',BANGALORE PASSR,17
'22848',LTT VSKP SUP EX,23
'16311',BKN KCVL EXPRES,43
'19166',SABARMATI EXP  ,74
'16518',BANGALORE EXP  ,20
'22101',RAJYA RANI EXP ,8
'22102',RAJYA RANI EXP ,8
'22103',LTT FD SUP EXP ,17
'22104',FD LTT SF EXP  ,18
'22105',INDRAYANI EXP  ,8
'22106',INDRAYANI EXP  ,7
'22107',CSTM LATUR EXP ,12
'22108',LATUR CSTM EXP ,12
'22109',LTT NZM AC EXP ,9
'22458',UHL NED SF EXP ,26
'55601',KYQ LMG PASS   ,26
'16515',YPR KAWR EXPRES,18
'16516',KAWR YPR EXPRES,18
'16517',KANNUR  EXP    ,20
'12608',LALBAGH EXP    ,13
'12609',BANGALORE EXP  ,20
'22692',BANGLORE RJDHNI,13
'22693',RAJDHANI EXP   ,9
'22694',BANGLORE RAJDHN,8
'22695',YPR JP PREMIUM ,7
'22696',JP YPR PREMIUM ,7
'12601',MANGALORE MAIL ,32
'12602',CHENNAI MAIL   ,34
'12603',HYDERABAD EXP  ,22
'12604',CHENNAI EXP    ,21
'12605',PALLAVAN EXP   ,13
'12606',PALLAVAN EXP   ,13
'12607',LALBAGH EXPRESS,13
'51701',JBP REWA PASS  ,25
'51702',REWA JBP PASS  ,25
'14554',HIMACHAL EXPRES,25
'02111',LTT LKO AC SPL ,13
'02112',LKO  LTT AC SPL,11
'22214',DURONTO EXPRESS,6
'22210',BCT DURONTO    ,7
'14553',HIMACHAL EXP   ,27
'16604',MAVELI EXPRESS ,33
'16605',ERNAD EXPRESS  ,43
'16606',ERNAD EXPRESS  ,43
'16603',MAVELI EXPRESS ,33
'14556',BAREILLY EXP   ,21
'16609',COIMBATORE EXP ,16
'12774',SC SHM AC  EXP ,16
'12775',COCANADA EXP   ,11
'12776',COCANADA EXP   ,12
'12777',KOCHUVELI EXP  ,23
'12770',SEVEN HILLS EXP,17
'12771',SC NGP SUP EXP ,14
'12772',NGP SC SUP EXP ,14
'12773',SHM SC AC  EXP ,16
'14555',BAREILLY DLI EX,20
'12778',HUBLI EXP      ,23
'12779',GOA EXPRESS    ,30
'17203',BVC KAKINADA EX,30
'17202',GOLCONDA EXP   ,25
'57274',TPTY UBL PASS  ,61
'17487',TIRUMALA EXP   ,36
'57273',UBL TIRUPATI PA,61
'19944',ADI UDZ EXPRESS,9
'19943',UDZ ADI EXPRESS,9
'17643',CIRCAR EXP     ,35
'17481',BSP TPTY EXPRES,65
'17640',AK KCG EXP     ,21
'17480',TPTY PURI EXP  ,74
'22846',HTE PUNE EXP   ,18
'17482',TPTY BSP EXP   ,68
'17249',MTM SC EXP     ,19
'22112',NGP BSL SUP EXP,19
'57129',BOLARUM PASSR  ,62
'17240',SIMHADRI EXPRES,26
'17026',SC MUGR EXPRESS,15
'17025',MUGR SC EXPRESS,15
'17024',TUNGABHADRA EXP,14
'17023',TUNGABHADRA EXP,16
'17020',HYB AII  EXP   ,30
'16723',ANANTAPURI EXP ,30
'19216',SAURASHTRA EXP ,62
'22843',BSP PNBE EXP   ,22
'22918',HW BDTS SF EXP ,26
'22917',HARIDWAR EXP   ,26
'22916',HSR BDTS S F EX,30
'22915',BDTS HSR SF EXP,30
'22912',SHIPRA EXP     ,34
'22911',SHIPRA EXPRESS ,34
'22910',PURI VALSAD EXP,24
'12398',MAHABODHI EXP  ,17
'12396',ZIYARAT EXPRESS,15
'12397',MAHABODHI EXP  ,16
'12394',SAMPOORN K EXP ,6
'12395',ZIYARAT EXPRESS,14
'12392',SHRAMJEVI N EXP,34
'12393',S KRANTI SUP EX,8
'12390',MS GAYA EXPRESS,17
'12391',SHRAMJEEVI EXP ,34
'05010',GKP SGG SPL    ,26
'57515',DAUND NANDED PA,59
'12158',HUTATMA EXPRESS,4
'12159',AMI JBP SUP EXP,21
'12154',HBJ LTT SUP EXP,11
'12155',BHOPAL  EXPRESS,10
'12156',BHOPAL  EXPRESS,10
'12157',HUTATMA EXPRESS,4
'12150',PNBE PUNE EXP  ,19
'12151',SAMARSATA EXP  ,25
'12152',SAMARSATA EXP  ,25
'12153',HABIBGANJ EXP  ,10
'58867',BTC JBP PASS   ,25
'58865',BTC JBP PASS   ,25
'18419',PURI JYG EXP   ,25
'18464',PRASANTHI EXP  ,46
'18418',RAJYA RANI EXP ,17
'18463',PRASANTHI EXP  ,45
'58868',JBP BTC PASS   ,23
'14120',DDN KGM EXPRESS,11
'52994',AK MHOW  F  PAS,32
'18416',PURI KDJR EXP  ,29
'84369',TRIBENI EXPRESS,39
'18415',BBN PURI EXP   ,29
'12550',JAT DURG SF EXP,18
'22869',VSKP MAS SF EXP,13
'12551',YPRKYQ AC EXP  ,29
'22860',MAS PURI EXPRES,21
'12552',KYQ YPR AC EXP ,29
'22865',LTT PURI SUP EX,18
'18412',INTER CITY EXP ,27
'12553',VAISHALI EXP   ,23
'12554',VAISHALI EXP   ,24
'22310',NJP HWH AC EXP ,8
'12555',GORAKDAM EXPRES,16
'15722',PAHARIA EXPRESS,18
'15723',NJP SMI EXPRESS,14
'15720',INTERCITY      ,18
'15721',PAHARIA EXPRESS,18
'15724',SMI NJP EXPRESS,14
'18603',RNC BGP EXPRESS,22
'12557',SAPT KRANTI EXP,17
'18606',JYG RNC EXPRESS,14
'18604',BGP RNC EXPRESS,21
'18605',RNC  JYG  EXP  ,14
'09808',NZM KOTA SF SPL,11
'07265',TPTY SC SPL    ,14
'09807',KOTA NZM SUP SP,12
'14631',DDN ASR EXPRESS,27
'16860',MAQ CHENNAI EXP,53
'15629',GUWAHATI EXPRES,40
'16227',TALGUPPA EXP   ,16
'13049',AMRITSAR EXP   ,111
'13043',HWH RXL EXPRESS,18
'13044',RXL HWH EXPRESS,18
'15098',AMARNATH EXP   ,32
'18047',AMARAVATHI EXP ,44
'18048',VSG HOWRAH EXP ,52
'15097',AMARNATH EXP   ,32
'14707',RANAKPUR EXPRES,33
'14706',BGKT DEE EXP   ,20
'14257',K V EXP        ,33
'15621',KYQ ANVT EXPRES,25
'12978',MARU SAGAR EXP ,30
'12979',JAIPUR SUP FAST,18
'12976',JP MYSORE EXP  ,48
'12977',MARU SAGAR EXP ,30
'12974',JP INDB EXPRESS,8
'12975',JAIPUR EXPRESS ,44
'12972',BVC BDTS EXPRES,22
'12973',JAIPUR EXPRESS ,8
'12970',JP CBE SUP EXP ,42
'12971',BHAVNAGAR EXP  ,21
'16863',BGKT MQ EXPRESS,43
'22119',KCG DOUBLE DECK,12
'59230',BVC ST LINK EXP,22
'72451',RAIL MOTOR     ,3
'59025',ST AMRAVATI PAS,21
'59026',SURAT FAST PASS,21
'51027',FAST PASSENGER ,26
'12806',JANMABHOOMI EXP,20
'12807',SAMTA EXPRESS  ,41
'12804',VSKP SWRN J EXP,21
'12805',JANMABHOOMI EXP,19
'12802',PURSHOTTAM EXP ,29
'12803',SWARNAJAYANTI E,21
'12556',GORAKDAM EXPRES,17
'12801',PURUSHOTTAM EXP,32
'12558',SAPT KRANTI EXP,16
'12559',SHIV GANGA EXP ,5
'12808',SAMTA EXPRESS  ,40
'12809',HOWRAH MAIL    ,44
'17687',MARATHWADA PS E,25
