SSPN,280
BRUD,20
BP  ,120
RUI ,20
KLL ,80
PRP ,120
KAD ,170
SBRA,60
KOTT,10
HNS ,40
VLR ,120
JPH ,100
MBS ,50
JTJ ,1600
KSD ,140
AXA ,20
BIC ,20
RM  ,20
REM ,20
GVMR,20
CKOD,30
KZY ,20
KOTA,1620
VPZ ,20
PAD ,90
LR  ,20
NYY ,140
BSDP,80
DDN ,360
UMR ,380
JRK ,50
HAN ,330
TLH ,180
KXN ,80
PTNR,30
VRB ,10
LM  ,90
JGD ,40
VYN ,40
PRNA,40
TRT ,190
GKC ,70
UMRI,180
KFP ,60
KNHN,20
GDR ,1600
TLHD,340
BHP ,630
MZR ,320
TRTR,140
BMPL,20
GIZ ,20
MGG ,60
CAG ,120
MLU ,10
SLPM,20
TTR ,340
KNHP,40
TLHR,110
JES ,20
BLLI,20
CSN ,450
ACLE,20
TNR ,80
JHJ ,20
RGI ,30
SUA ,20
PCZ ,40
BTX ,40
NKP ,100
LMK ,40
SLD ,80
PPLI,20
BRTK,40
SQL ,20
KFPR,20
BYHA,10
DDP ,20
BAK ,20
PAZ ,140
MXH ,60
KMRD,20
NAD ,1080
BTV ,40
TN  ,100
SVRP,60
GK  ,30
RRI ,80
KBJ ,320
BSRL,20
NSL ,280
APD ,20
BAE ,20
RNBT,20
KRL ,40
KKA ,20
VKN ,140
MLGH,80
GMDA,40
SAGR,40
WSB ,20
AZ  ,290
HDP ,80
GMR ,180
MPLR,20
GAR ,290
CPR ,1210
MPLM,20
MWK ,20
PBA ,40
GGB ,40
MLD ,80
HBD ,490
CJ  ,40
USL ,230
QLN ,1120
UJA ,260
GMD ,20
KGW ,40
INDM,40
PKU ,250
KSRA,240
BLDI,120
DY  ,20
KYQ ,900
ATUL,20
DLR ,130
MKDN,20
DQG ,330
ROP ,60
BIR ,10
PIA ,60
GUU ,20
TXD ,20
GHD ,330
MPL ,100
JACN,20
BSR ,940
MJG ,90
RTM ,1270
BCY ,270
ZB  ,160
MLI ,20
BLL ,40
KKAH,40
CNH ,40
MW  ,170
VEN ,20
GOH ,90
APDJ,280
ATL ,180
HRV ,120
DHT ,40
VAPM,40
GPJ ,20
STPD,30
VAPI,1320
BZLE,90
CAI ,40
BEG ,20
PRNR,20
LGO ,100
HIL ,40
GDM ,20
RQJ ,80
SDGM,20
BAW ,50
ATE ,190
DWG ,50
MDH ,20
NXN ,60
TVL ,80
GNH ,200
UNDI,20
TAE ,20
PNDM,50
PGU ,20
BKPT,20
JHIR,20
BQN ,20
DGHA,160
NDPU,50
KML ,100
KTA ,20
BKP ,990
MKO ,40
JLL ,140
NOL ,50
DIVA,230
KKRM,30
KOHR,20
BKJ ,60
KTO ,60
MID ,90
GJD ,50
BQE ,30
GYN ,320
VS  ,70
PND ,470
STP ,30
MQ  ,80
SPP ,110
TMR ,300
AFK ,440
GHR ,210
BRDA,20
GUG ,20
JNA ,70
DKS ,20
CHP ,70
KEB ,50
LBA ,120
MOTC,30
BMNL,20
NLD ,70
MOTH,100
PPF ,20
NWU ,130
NPW ,60
NNP ,20
MVLK,380
SKF ,20
SBW ,20
G   ,1030
NRW ,290
YGL ,20
MRL ,130
BKN ,540
DMT ,60
KRDH,50
NTW ,20
JTU ,10
TKMY,50
MNDR,70
RBD ,40
SVN ,60
BNLW,250
MNDH,30
ANPR,30
NBH ,120
UMED,40
BLPU,80
BLPR,20
NVG ,50
STN ,190
AYB ,10
LDW ,10
BNP ,60
UM  ,20
KGS ,80
ANTU,130
AGC ,1550
ANB ,80
RDHP,60
SEM ,240
MXA ,20
KEK ,80
BRHU,20
HAT ,40
BNL ,40
MND ,20
WHM ,260
AAS ,40
MEX ,250
SVNR,20
MOT ,150
PM  ,90
NLDA,320
KWAE,250
SMRR,30
NLDM,120
BINA,1360
GLH ,20
SWV ,180
ERS ,970
PNJ ,50
GPT ,20
BKNG,140
SRNR,70
NDB ,620
SRNT,50
PS  ,20
PES ,20
BRK ,20
KNKT,30
GPB ,260
CTKT,60
MTR ,100
KMLI,20
SZH ,40
OM  ,40
AGMN,20
KDU ,100
KQA ,20
PSK ,40
BPL ,2320
UCH ,20
BTK ,60
LRD ,130
SUP ,20
LMD ,40
NIIJ,40
SKT ,180
ISM ,10
PVD ,40
GMO ,500
NHY ,40
WC  ,70
KHU ,70
MHBT,20
DGS ,10
NGTN,40
KUG ,20
KFA ,60
RMA ,470
LKG ,20
UHP ,270
SAU ,90
NRKR,290
KLK ,270
DAKA,40
NNL ,100
DAKE,140
KS  ,100
NRYP,20
AST ,50
KCKI,20
SKTN,40
NRK ,10
KASR,20
MBF ,20
GKB ,20
PML ,100
UAR ,20
NGT ,100
BRU ,20
BRKA,260
GKM ,40
RDT ,10
BTKP,40
KPS ,10
CIV ,40
MWX ,50
UMS ,20
PAK ,330
JYG ,160
MJZ ,20
JRT ,20
MNJ ,40
MZC ,80
JNTR,20
MSB ,340
KZJ ,1040
BQI ,90
MED ,100
VNUP,140
UTA ,20
UGR ,40
BNI ,40
BN  ,110
SCM ,280
BSC ,60
POZ ,60
TIM ,50
LAR ,660
MGN ,420
PHN ,250
CRE ,70
CLF ,80
KZT ,160
AJN ,20
TBR ,20
SAA ,60
RPRD,180
MVF ,20
XXXX,20
MMH ,10
WSE ,20
RPRL,20
BTY ,100
BRLA,20
VZM ,1490
JER ,320
PGA ,20
RGH ,40
KOU ,250
PAY ,440
BSKO,20
MHD ,260
RPR ,160
RXL ,140
BTW ,160
KBM ,60
DWZ ,20
TKLB,20
KTM ,40
PNW ,70
GEK ,20
RRJ ,20
JRLE,130
PGZ ,20
HSK ,100
MIK ,20
BOBS,30
HRI ,740
CTYL,70
RV  ,120
KSC ,20
HYB ,420
SOM ,10
NGB ,20
DZA ,270
PMD ,20
DEG ,20
AJNI,170
GMS ,150
AHN ,20
BDL ,490
JSR ,30
KY  ,230
PKB ,20
KKLR,250
GH  ,30
SNKR,20
DNK ,30
KRAI,50
KKLU,20
BWI ,40
MLGT,40
GJS ,20
LLD ,10
MDN ,360
DHA ,20
GWV ,40
UJN ,1080
PGTN,20
KMME,140
UGD ,20
KMS ,90
JTRD,20
MJF ,240
SAI ,20
BZG ,20
BET ,40
BGVN,150
CRW ,10
TETA,60
BH  ,1270
KGLE,180
BJW ,40
CNK ,40
HRW ,20
JTR ,20
NMGY,20
KMSD,20
ARE ,20
ALPR,10
KMSI,20
BEF ,40
NIQ ,80
TAKL,10
SM  ,170
DS  ,20
KMST,60
NBG ,120
AHLR,20
RMY ,20
BSQP,140
BHJA,20
TDD ,690
BDDR,20
MDNR,190
GUV ,40
PPG ,30
IGP ,1050
MBNL,80
BUL ,40
KOI ,80
DNKL,410
KLDI,40
HLN ,120
NU  ,660
API ,20
MBNR,480
PGT ,1050
DHR ,10
BWIP,20
CHJ ,90
DKAE,110
HNK ,40
JHN ,80
KRND,160
VRG ,40
NOK ,380
DUD ,120
TAR ,20
CLD ,10
AKJ ,60
KRNR,120
BEHS,70
BEHR,80
ABR ,930
PNE ,180
ANSB,100
SNJL,20
GWD ,400
BSRX,100
JDN ,20
TKRI,60
BLT ,100
CSTM,1010
SME ,60
KWP ,20
DJRZ,60
GHQ ,120
SYQ ,20
SKI ,160
MNF ,80
SBD ,60
GUH ,10
DWX ,660
MMV ,60
TKR ,110
IKR ,30
RUL ,20
ROK ,510
SDV ,60
KHTG,50
SYC ,30
SC  ,1700
SBV ,120
VR  ,130
SBLJ,20
MRK ,200
MMKB,10
SMET,100
PUL ,170
KIAT,20
S   ,90
DRL ,100
BEH ,120
BQA ,400
HNMN,30
MO  ,100
DPH ,10
KPN ,250
KGB ,170
NBI ,120
CLG ,240
QRP ,90
NYG ,40
AKT ,250
KGP ,1750
NTZ ,40
WNG ,50
KNPR,10
NFK ,690
JKE ,130
DTRA,20
LDX ,20
UKR ,40
MCU ,60
NRZB,130
KATI,140
KATL,270
MBA ,180
ANA ,30
RDG ,20
UMB ,2060
GDL ,160
PDA ,10
KHTU,20
UTR ,40
ABH ,60
JWL ,40
MOU ,160
SY  ,260
DG  ,740
BMCK,60
MTC ,540
GPAE,20
PNYA,50
PERN,100
AMSA,60
LKT ,40
SZY ,20
COI ,550
TWG ,80
PNK ,180
KDTN,70
DRR ,40
SNV ,40
KRP ,40
MTU ,40
UAM ,40
PSDA,40
PER ,420
OKD ,20
BRGT,20
SWE ,40
RJN ,560
JNU ,420
BRD ,380
KRPR,40
AMS ,10
MQQ ,20
BAL ,80
KDT ,20
GRCP,20
AXK ,20
SGND,80
NAK ,20
BTH ,180
SK  ,20
SRC ,860
DAJ ,60
PBV ,20
ANAS,40
KHT ,300
PLCJ,170
BIRD,320
IBL ,40
NVRD,40
CHE ,790
ZARP,20
RHN ,20
OKHA,300
BLQR,100
DGR ,1300
BGBR,140
TBM ,600
KLJ ,20
OBVP,80
POK ,40
NRL ,30
TTB ,60
SAP ,260
KUR ,1910
RE  ,780
PMK ,160
SDM ,20
DXG ,100
KSB ,240
JEUR,190
DARA,30
ALM ,40
LOV ,40
AGN ,140
CHV ,200
ZPL ,60
HCP ,160
CBN ,20
TLJ ,40
UTD ,40
MHU ,20
HAA ,20
KNJ ,100
MNI ,150
PRLI,260
NNR ,120
DVH ,40
JRU ,170
VRD ,10
KAP ,30
VRVL,30
KPKD,60
RNPR,80
MHV ,20
RDUM,80
KWN ,20
KPRD,40
SQN ,70
CCI ,20
PTH ,20
YP  ,40
JRG ,20
HSX ,20
BHV ,20
BRH ,60
BSB ,2010
GID ,180
RNGG,20
BRGL,10
PRL ,40
LC  ,160
POU ,40
AUWA,20
NNGE,40
NAC ,170
TBV ,50
NJM ,40
PMKT,30
MGC ,60
BPC ,100
BRVR,20
SAPE,40
ACND,130
DGDG,20
PJR ,20
RGO ,260
SLB ,120
SSN ,20
BEW ,40
GKP ,1360
KP  ,160
OSA ,20
NAM ,80
BTT ,500
BDM ,120
OMLF,20
BSPN,20
NDR ,30
KBL ,240
BSPX,40
BXP ,60
ATU ,60
SL  ,180
DBU ,110
BSPR,60
BHDR,10
TPND,40
LSI ,240
MUA ,20
HFZ ,40
PTZ ,40
SEU ,70
TORI,220
VXD ,40
PMY ,390
ADI ,2550
MWM ,100
SOR ,50
CPP ,180
NGA ,60
KJN ,220
BYT ,730
RMF ,20
MBM ,200
KSPR,20
MKB ,110
KXH ,40
ZPI ,30
RDDE,10
TMLU,20
HIP ,20
GALE,20
BWH ,120
PKW ,310
NGAN,20
ADIJ,10
SORO,180
AI  ,120
GMTO,30
OML ,60
UKH ,40
MOM ,10
IZN ,60
ED  ,1620
BSP ,1290
MNV ,200
GTK ,80
BHD ,30
BTTR,240
GELA,40
BMKD,30
BAGD,20
BJP ,240
HDD ,40
HRT ,40
DUB ,80
DHD ,680
DKO ,140
KK  ,170
PBKS,20
ARD ,20
JTS ,20
GHPU,40
GDU ,40
BGUA,20
PDKN,80
DKRA,10
VARD,100
BEY ,80
PDKT,160
GW  ,30
CND ,160
BXN ,410
KGM ,160
SFW ,80
BONA,230
SDGH,80
KLX ,20
NMX ,60
RGS ,100
BAQ ,480
PUN ,20
ULA ,60
LCAE,20
PGW ,760
KTMA,140
TL  ,60
RS  ,20
TAC ,40
KMN ,10
VSKP,2010
KKM ,120
VKR ,80
NN  ,230
VT  ,10
UBR ,110
MLG ,50
SBG ,300
KMNR,60
DR  ,1100
PIZ ,70
DBI ,40
KONY,50
NZB ,410
AS  ,40
SVHE,80
HZR ,20
KMNC,240
DOZ ,20
DUSI,20
CLX ,650
KYE ,240
GMH ,60
LAUL,20
BGU ,80
BZN ,80
TCN ,20
NANA,40
KFH ,20
CNDB,40
CNDM,80
LBG ,70
SMP ,40
SIHO,20
STL ,170
Y   ,40
GLNA,20
BIH ,440
HMG ,20
GRBL,40
NAND,20
DRSN,120
KRSH,10
JW  ,20
KRSL,40
SRP ,100
MRJ ,630
SBY ,20
THAN,210
HKG ,100
KTHD,10
KDMR,40
TJ  ,300
KIS ,20
BLNR,20
MCVM,20
ALB ,60
SVH ,40
KRA ,60
GBB ,30
KJJ ,20
UKA ,20
TU  ,360
ALLP,490
KMLR,20
ANR ,170
BGK ,180
BLNI,20
PDU ,60
SXT ,40
VM  ,940
DMH ,20
GRB ,20
BGKT,250
MCV ,20
RQP ,60
KGQ ,720
URI ,380
MYY ,80
NVS ,650
PMPE,20
SDUA,20
SEO ,110
BTSR,10
LDA ,30
JOR ,80
KRAR,280
KWGN,20
SMPA,40
DUI ,460
NANR,20
BKL ,40
CAN ,920
NZT ,20
LKW ,20
DOL ,160
MMVR,20
BTE ,790
SMPR,60
GPR ,60
JCL ,160
WRC ,20
STLR,40
JND ,140
KHED,150
GKL ,30
SRPJ,40
MME ,20
LKA ,240
UHR ,190
URGA,10
PAIL,10
SWNI,10
RDRA,150
AMP ,230
BMB ,250
BRE ,90
SHAN,10
BPR ,60
RJO ,40
SNC ,20
PK  ,20
CMX ,20
BTI ,500
CDM ,280
LRJ ,670
TLKH,40
RPL ,20
KRV ,20
MRPL,20
UDZ ,270
BNN ,190
PBW ,20
SKR ,20
HTK ,160
NPL ,40
CHD ,150
KNP ,60
LMNR,40
DGU ,40
CAP ,390
NNN ,100
CTND,60
KCG ,550
NRM ,20
SRBA,10
SNQ ,40
SBI ,360
DGG ,420
KJU ,20
CAPE,180
NGR ,170
NHN ,110
KRS ,60
UHL ,80
KPQ ,180
SGO ,630
LNK ,60
DBKA,40
SUR ,1000
DPU ,430
CDMR,70
DIA ,80
AMPA,200
DDA ,80
BPRD,240
CD  ,700
GDA ,560
MYG ,200
KDSD,40
GTX ,40
AMPR,20
KLNK,40
BTIC,30
DRS ,20
KNE ,1170
KVR ,530
DOH ,20
AT  ,20
ODM ,80
RIG ,450
KEN ,20
RNQ ,160
LPH ,40
BHW ,260
YPD ,60
SEI ,20
JIT ,20
DEEG,20
AIG ,20
JUR ,20
POT ,20
LPNR,30
REN ,60
RJY ,1890
COR ,460
BRW ,20
KVLS,20
DJ  ,120
AZR ,140
FZD ,400
GVN ,290
CIT ,60
GGAR,50
KQK ,60
SVJR,220
BNW ,160
BAKA,20
SUL ,10
SURL,20
CQA ,20
BDJ ,500
BRWD,230
KDO ,20
EDD ,40
BTU ,40
BBO ,10
BFR ,30
SLO ,1350
MYA ,380
ATT ,20
DBV ,20
GTLM,20
SURI,200
NAZJ,40
GOY ,140
TTU ,20
KLG ,60
SAC ,40
JBL ,20
WSA ,40
DXR ,40
HRG ,30
GTNR,90
JITE,40
ADH ,260
KJG ,40
SOS ,60
SCKR,60
PKD ,120
HHD ,20
DEE ,620
DPUR,20
TOU ,40
CHCR,20
VNA ,70
SOA ,60
VCN ,20
KYT ,20
DISA,80
SSA ,60
SDH ,20
SLF ,20
ROU ,870
CNGR,660
BAI ,20
MONR,20
BHKD,30
RNC ,620
VEER,80
TRO ,160
JTB ,30
WIRR,20
BPKA,40
DOE ,60
KOTI,20
BJQ ,30
RN  ,620
DBEC,60
DHE ,40
PPC ,50
HJL ,20
ARK ,20
KBRV,100
AJ  ,10
GOGH,60
BQQ ,30
UVD ,110
LNT ,20
FTD ,20
BUQ ,90
BHET,50
MLHA,100
IB  ,40
AVS ,20
MVW ,20
GPY ,20
DKC ,10
BFD ,40
TCR ,1490
BAP ,420
GUX ,40
DSPN,20
MKX ,70
ABI ,20
APK ,20
YT  ,80
KH  ,20
DSPT,30
KKJ ,40
ABS ,170
SJQ ,40
KSE ,40
PSD ,50
GHLE,20
JJK ,170
TDH ,10
SVKS,20
BLX ,50
HCNR,40
GT  ,60
JHL ,390
SHSK,60
LTRR,300
MJ  ,860
SVKD,20
PST ,40
KPLL,20
NOI ,50
KMK ,20
KPLE,20
ABP ,390
RBGJ,120
JDL ,40
CPK ,310
MYL ,40
ADT ,60
BJ  ,30
BWSN,10
HTZU,80
PDD ,40
KYF ,60
SMQL,40
KHDI,20
SSPD,20
KUA ,80
STKT,120
BZO ,30
SDF ,60
KWV ,640
CCA ,40
KHDB,30
NLKR,40
PBH ,510
MHT ,20
BGTA,60
MQU ,40
ROI ,20
BZY ,50
BWS ,20
GMIA,60
LBN ,20
DD  ,1170
ADTL,40
HVR ,370
SDT ,60
CGI ,40
BIK ,20
ADTP,100
KHD ,10
HBS ,20
HTZ ,490
DLGN,110
KIT ,140
NW  ,150
LTR ,70
ICL ,30
BCN ,270
DRB ,20
TAPA,160
DLD ,50
JJKR,930
RBG ,100
RASP,60
SEE ,710
UBC ,410
KPL ,40
CLE ,20
KPZ ,80
DPJ ,210
DMO ,570
LRU ,20
KRR ,500
SGL ,220
WTR ,70
TEN ,500
VML ,20
MRWS,20
SEH ,500
MA  ,90
UKL ,30
YKA ,20
BLO ,20
KCVL,280
CHKE,40
KEF ,40
SYWN,30
ANO ,40
KQE ,20
MAUR,120
MOW ,10
HTE ,320
JWB ,180
SGRL,190
SGRM,20
PCLI,20
NDW ,20
SPE ,330
SGRD,20
SGRE,20
KHE ,10
SNP ,370
SGRA,120
THB ,190
PBM ,20
MKDD,80
JWP ,130
KAV ,20
JLW ,50
SZM ,360
PEP ,50
KZK ,130
MRIJ,20
MKDI,20
BLWR,10
MAU ,490
DRPH,30
MAGH,40
AMQ ,20
BPS ,20
GRMT,10
SPLE,20
PCL ,20
SGR ,100
GRMR,100
NDAE,250
BNO ,40
KON ,20
TKN ,70
SGLA,110
SRE ,1070
PLMD,20
DDJ ,190
RPD ,90
KLZ ,20
KCV ,20
FKM ,170
HKH ,40
VL  ,60
DGT ,40
SA  ,1540
KCD ,80
AHA ,530
ASV ,20
PNM ,60
RUM ,40
KLH ,20
SAR ,20
WND ,40
POE ,70
NNO ,140
GTW ,50
BRPT,10
TUX ,40
KJT ,720
KAH ,70
PVRD,120
JPG ,60
MHAD,20
HMI ,20
BHTR,140
KPP ,190
SMLG,20
BHTN,20
ZRDE,60
BHTL,40
PDG ,60
BHTK,80
KD  ,20
MNO ,50
CTH ,60
JP  ,1720
RWJ ,40
JRW ,20
KND ,110
VINH,40
VPT ,580
CKK ,20
PVR ,160
RNR ,350
GDV ,310
BVH ,270
GTM ,50
KNDP,20
JRWN,40
PTJ ,600
GHH ,110
KDLR,20
MSO ,20
BHT ,20
PHA ,210
AMG ,140
MTY ,230
HDB ,60
CE  ,40
BPRS,20
BPA ,370
JAMA,20
GMDN,20
BOG ,40
ANGL,430
BTD ,200
NPNR,170
AYRN,40
LMO ,20
DUN ,20
PAI ,20
RGM ,60
SHNR,120
PED ,20
RJT ,790
KFI ,20
KDN ,40
BTR ,20
KHRS,20
SHNX,40
GGN ,610
ANT ,20
ANKX,360
TDU ,340
SHNG,10
WADI,680
SLN ,500
VND ,40
SQR ,40
JGR ,40
CTTP,20
JAL ,40
NEO ,80
KRW ,20
PFM ,230
MLY ,180
MET ,190
VLD ,20
BJRI,150
DSA ,340
TFGN,20
PPR ,70
THA ,20
LLGM,20
SONI,40
CPDR,40
NGO ,400
RG  ,20
DNX ,20
JSME,1160
HRR ,370
IQG ,20
PMU ,20
DKJR,20
LSE ,10
BJR ,20
PPD ,40
CPD ,70
SFG ,60
DSS ,330
RMH ,40
SADP,140
BWN ,1520
DNV ,40
GANG,40
VNB ,20
GJL ,220
JSM ,150
CEL ,40
GANL,20
NCR ,60
SJN ,90
KN  ,20
YSI ,20
JIA ,10
BTRA,40
BCU ,80
KDNL,20
CTT ,20
FA  ,770
NRPD,20
EKR ,40
TRL ,350
MUP ,10
MLK ,60
SWC ,30
RKD ,110
FDK ,140
KMH ,20
AMC ,20
BLPE,20
JJG ,100
TAA ,20
RTG ,10
DNDI,40
ARJ ,410
TGM ,40
PTLI,20
NIR ,90
ROZA,200
LTA ,70
SVX ,60
CLVR,20
BUP ,340
MPH ,40
GCT ,300
KXT ,40
NMZ ,160
DWK ,300
BFE ,10
KTKH,40
DIR ,20
KTKL,20
KOL ,40
KTKA,10
DBY ,20
GLY ,20
SJP ,680
GOL ,130
JUC ,900
KOLR,20
TSF ,20
NMT ,60
AK  ,1130
WKI ,310
NYH ,20
KSX ,100
NZD ,100
TR  ,60
AKR ,60
MOF ,70
IPM ,270
DND ,70
CHPT,20
CPJ ,160
SPT ,370
TMV ,320
YLM ,300
RTGH,160
SDE ,100
VAT ,40
NIRA,70
BUPH,20
KTV ,170
LGCE,20
DING,20
URK ,10
KSP ,20
PDW ,60
BWR ,60
CHTI,30
DCU ,20
SMR ,160
GNR ,30
KWE ,40
NPS ,80
MRHT,80
LXR ,20
SKB ,420
PUE ,20
KTYM,680
SRR ,1120
MTDM,20
RAL ,40
PLNI,20
ALNI,10
WRS ,40
SHR ,330
DMNJ,60
HEM ,80
SNSI,220
MCPE,20
NBL ,110
UKC ,40
ANND,1690
BXR ,840
KGA ,90
DMN ,300
TGQ ,80
SNS ,10
SALI,20
NIDI,20
JUP ,10
CUX ,40
ALN ,10
KRCD,20
KIUL,1340
JPV ,70
KPA ,40
JKB ,20
DPE ,20
CNPR,40
MEM ,40
JAJ ,1050
BIJR,40
DXN ,100
GNP ,120
ROHA,230
RAIR,270
RRGA,10
GRL ,80
VDN ,30
MTD ,710
NH  ,470
STJT,10
SRRG,20
CLDY,150
BMR ,20
HQR ,20
MOZ ,440
DGW ,20
MB  ,1960
BMD ,80
UREN,60
PC  ,250
DDCE,40
BPP ,460
CBSA,60
KNGN,60
BRG ,40
KQR ,630
JKPR,40
SNM ,40
JGJ ,40
KMJ ,20
SGS ,50
KUTL,20
KEG ,40
SASR,60
MPR ,20
TUNG,60
RFJ ,170
HAS ,160
JOA ,60
FSP ,80
NHLN,40
BRB ,20
SKP ,160
CAR ,370
SASN,140
VJP ,40
JAT ,1030
PSE ,30
SKPT,20
AAM ,20
TGRL,20
KLYT,20
BTG ,40
NRO ,20
LKU ,220
LSX ,50
KCNR,20
SAS ,20
VJPJ,180
CLO ,20
DGI ,70
SKPI,20
RHMA,40
TNA ,1460
BRGW,20
THMR,20
CMZ ,60
BLZ ,120
GPH ,120
FHT ,20
AGI ,100
YLG ,40
JPD ,20
PAO ,100
MXO ,20
KAWR,500
BRGA,420
AJE ,100
RDP ,40
TKJ ,300
GDG ,380
KRBA,70
BNR ,100
DVG ,490
BQP ,20
MULK,100
MGLE,20
PRKE,20
JSP ,90
CBE ,1240
GTL ,990
NGNT,130
ODC ,20
TET ,40
BVI ,1200
MGLP,10
SCI ,100
KLPG,40
BGHI,60
OPL ,20
AUBR,350
PSV ,40
MSH ,890
BHU ,20
BBAI,50
NGP ,2430
KTJ ,40
RWH ,20
KJW ,20
BAR ,20
BPF ,130
DHRY,20
MDPB,40
BTSD,30
HDA ,80
SAL ,10
NMKL,60
BOF ,80
NJP ,1260
KUTI,20
BDHY,20
RGL ,150
BDHT,10
LMN ,100
PCQ ,20
SSM ,570
PKF ,60
KDM ,200
GGD ,40
BKTL,30
BPRH,10
MKS ,20
SUNR,780
NAN ,40
LKMN,40
BTS ,80
CMDP,20
BDH ,40
MDP ,1090
MPY ,40
SLM ,20
DBG ,480
LKMR,60
RGB ,20
BFT ,40
KOJ ,530
KBA ,20
NMK ,100
WKA ,20
MGL ,20
PTKP,20
KLE ,20
HKL ,20
AUB ,240
FK  ,350
VLE ,40
JBN ,40
FTS ,60
STD ,40
SRX ,10
DHU ,40
PTKC,920
BHUJ,160
PFR ,100
DHRJ,20
KJI ,60
CKHS,20
CPU ,290
NGN ,210
RGPM,20
HRS ,250
DHG ,200
KKGM,20
JRS ,20
LJR ,70
SOG ,180
BUA ,100
PMT ,60
OTR ,10
RBA ,40
BARH,600
KO  ,60
BARL,30
BWM ,400
CEM ,40
RNE ,60
BATL,120
MNM ,200
CTS ,20
VKA ,20
NLS ,20
KKHT,40
AKE ,80
BCT ,430
MSZ ,140
CSA ,140
KYX ,30
BJMD,60
TIW ,70
SHM ,260
MJBK,80
NYK ,20
KMI ,40
HSA ,100
PASA,100
RLL ,20
MLV ,100
PTT ,20
RSG ,40
BHI ,20
BRLY,20
KID ,40
TGL ,40
SHC ,120
SWD ,40
KDTR,40
SDRA,20
CNA ,160
GADH,20
IDH ,200
MJBT,20
KIM ,160
MDB ,30
BOZ ,20
KONN,10
GAYA,1000
GBA ,120
RGP ,60
SDD ,40
GRN ,20
QSR ,20
KJZ ,40
ULB ,140
TMGN,20
GEA ,30
SOGR,40
SHZ ,60
BAO ,30
GNO ,40
DNWH,40
TSA ,30
HN  ,60
ULT ,130
KRBP,160
JMG ,40
BELA,60
KTCR,20
GNA ,60
BWL ,50
MOG ,70
KRBO,20
HGH ,80
TTZ ,40
ANI ,40
LNR ,30
BXM ,20
AKU ,20
IPL ,70
GQL ,70
LGB ,20
JVN ,340
MWT ,40
CLU ,70
PDPL,170
BGZ ,330
BGHU,20
LLJ ,20
SPK ,40
JOM ,40
CU  ,40
LXA ,20
BME ,100
TUA ,40
DLI ,1270
PDP ,40
SGV ,40
KYJ ,940
ADVI,60
BGH ,50
GAM ,80
DNEA,20
KUU ,80
UDM ,40
PBD ,20
NLI ,40
SMAE,10
HPG ,20
SRU ,150
SNN ,20
WRR ,150
BSAE,20
AKN ,180
LKD ,20
LTT ,1270
AGR ,40
KIV ,20
KNLP,20
FM  ,40
CNS ,80
DBLA,20
MOGA,40
VLG ,20
VGE ,30
AD  ,540
BQM ,20
SBHR,60
SRGT,60
HW  ,660
TKHE,40
TGP ,20
RBS ,60
IDGH,20
DMM ,880
MGVK,20
TEL ,890
DTVL,40
MCQ ,40
PLO ,270
NKE ,180
DAVM,20
SRGM,270
BLM ,290
JKA ,40
GNS ,90
GBP ,20
SBZ ,120
NCH ,40
GRO ,20
KDPR,320
MRG ,20
SNLR,40
BKI ,590
CAA ,140
ABD ,40
MOI ,40
BMU ,20
TRAN,20
AKP ,700
GRY ,110
NUJ ,20
BKG ,80
ACL ,50
MRGA,300
HIJ ,280
SEN ,20
LPN ,20
UAA ,20
GNST,10
PEN ,40
CSZ ,60
KDP ,180
SGP ,150
NNE ,20
BPQ ,1160
SNL ,40
KRSA,20
VAK ,530
TKH ,20
SGBJ,20
BZU ,840
PBR ,140
KRTH,20
UMN ,20
NK  ,1330
RSA ,20
KNT ,80
AN  ,400
KCT ,20
SNRR,40
SI  ,40
BLMK,20
AQG ,110
NRLR,180
CHI ,380
KHH ,20
TELO,10
RECH,30
BNS ,20
PB  ,260
BRRG,260
BTBR,20
KSNG,420
VRH ,20
DAD ,20
RPAR,120
SAT ,40
KUN ,480
RPAN,60
KLV ,50
GRRU,130
KAJ ,40
VLT ,20
GTST,10
PCN ,40
PLY ,100
GBE ,10
MVE ,20
JPE ,170
KPV ,140
SBC ,1170
MNSR,80
MHQ ,40
KASU,40
PAN ,250
SED ,20
PVPT,250
DVD ,970
UGWE,40
MXN ,390
SID ,240
HUP ,560
PVP ,320
CVP ,540
DEL ,30
VPR ,80
CKI ,360
IJK ,340
AMY ,20
DDV ,10
RNT ,20
JRC ,1170
VPDA,30
GTS ,170
MAHE,260
MJS ,70
KSV ,250
JMQ ,20
RWO ,20
NBM ,40
BNSA,20
RKSN,200
VDS ,220
VN  ,220
AME ,470
JYP ,80
KSN ,160
DGHR,20
BRR ,180
TBAE,20
TTLA,20
OBR ,130
KAJG,50
BOE ,680
PARD,50
KZQ ,20
BDI ,60
MDS ,250
GNW ,30
KDL ,20
NCB ,740
UR  ,60
BIWK,10
LMC ,20
BTP ,120
BSLE,20
NMJ ,80
LPI ,290
JMS ,40
PTK ,170
HWX ,20
KUX ,30
HRPG,40
DRLA,10
ML  ,10
KLD ,560
PRH ,60
DEHR,80
HRB ,80
MMZ ,20
MLMR,620
SF  ,20
MUM ,20
PPT ,180
CPT ,210
KPTN,120
HPLE,20
RMJK,20
KJH ,260
MLM ,20
R   ,1410
PRF ,110
MGME,40
CGN ,110
TPJ ,850
PYG ,20
DQR ,20
DNT ,20
AMRO,440
TIHU,20
MBI ,160
PPTA,40
GWS ,20
VWA ,20
VNRD,20
BOKR,40
PAR ,640
CRY ,220
SIQ ,10
UKN ,20
BYPL,100
ETM ,40
BOKE,40
BTPD,40
MJA ,130
BRKH,20
RKB ,260
TRB ,20
BSL ,2480
RUR ,60
KKI ,110
RNH ,60
URML,20
SMBX,280
IAA ,210
BURN,170
TAO ,20
EN  ,20
HNL ,260
KL  ,120
SMBL,60
SMBJ,240
JTO ,60
JLY ,20
PDGL,20
BJN ,20
KLTR,80
SGKM,20
GWM ,40
MDE ,70
HBL ,40
USD ,70
KFD ,40
VRE ,40
MPJ ,10
GRF ,20
MFQ ,20
ET  ,2620
AIA ,20
APL ,20
MYX ,40
GHNH,20
MBL ,10
MMD ,40
HBLN,20
MQE ,30
NMDA,40
JHS ,2170
BLRD,20
DKLU,20
SNAR,20
MMPL,20
BE  ,1620
BQR ,60
BJNR,230
BGY ,20
CPH ,480
TMT ,20
CLT ,920
SPJ ,1020
GCH ,40
BHNS,20
BLD ,110
TVI ,60
PDY ,180
ZN  ,310
MQX ,40
MQL ,70
ABKP,60
SPX ,20
UDL ,430
SML ,100
PWS ,140
LHU ,100
JGJN,20
SRT ,510
ABKA,150
SILO,20
MAJN,590
KMD ,80
MBY ,120
KIW ,10
DMLE,20
DRWN,40
KRE ,160
GBX ,50
TGA ,40
KPGM,80
PIP ,100
MCRD,20
KGG ,600
NKDO,40
SVD ,60
WDN ,40
ZBD ,200
BCOB,260
JTI ,110
TP  ,60
DML ,20
PSX ,60
JNH ,380
DHN ,1020
NDD ,570
BAMA,20
NKD ,130
AKOR,60
RBL ,590
AKOT,40
KMDR,10
KPG ,720
AGY ,50
NBP ,10
PUD ,30
MMR ,1860
GGJ ,210
BMGM,20
BKH ,60
PGP ,20
BIDR,180
CHZ ,90
SIL ,300
SOAE,20
JLD ,160
BLMR,20
SRTN,60
SRTL,290
BMT ,360
KTW ,60
NKW ,20
LKS ,160
KOO ,380
YGD ,20
CHH ,60
JLR ,120
ASH ,50
BMF ,120
PEM ,60
AGA ,80
MVG ,20
DMBR,10
MHPE,20
NBPH,10
PSR ,40
RJK ,130
CNL ,20
MQN ,10
JONR,30
PRTL,40
KEA ,40
YNK ,430
KNW ,1250
CJL ,30
BNTL,60
SRF ,60
RSNR,20
FKB ,30
BNT ,180
MNL ,60
BLDA,120
TKE ,100
MEP ,110
PHR ,370
KCC ,90
MGAE,40
VRI ,530
VTA ,40
KLU ,100
JON ,20
FYZ ,10
UNL ,50
BOM ,20
RCJ ,20
GD  ,960
NRA ,20
MVD ,20
SV  ,610
KRY ,100
GBD ,200
AO  ,220
VG  ,1020
DNRP,20
DDE ,160
BRAG,60
BSM ,20
KPU ,20
INDB,680
CBU ,20
TLO ,10
MWY ,20
MRTY,40
KAYR,20
PAM ,40
SUH ,30
CT  ,220
MCN ,40
GVL ,60
CDG ,630
GVB ,20
PUX ,50
SANK,10
FSR ,10
KBQ ,20
RNU ,20
CBG ,20
CTC ,1400
ITR ,150
DJG ,80
JRL ,20
JMP ,550
BDVT,100
LKO ,2390
SIP ,280
KDKN,30
MDRR,20
BRS ,230
SLKR,80
THY ,20
KJY ,30
PRDP,40
PCH ,20
MQO ,40
NGLT,20
KANJ,40
TMKA,20
BPD ,30
BDVL,30
BOD ,60
ATPA,20
BTC ,70
AMLI,40
MD  ,10
AMH ,260
BDXX,20
BYS ,20
BTQ ,20
HMR ,20
MDR ,310
UCR ,140
BOJ ,80
PIT ,20
SSKA,20
ATP ,760
BBTR,40
PHD ,240
CRKR,10
CLDR,20
VI  ,20
SAG ,270
JMPT,40
TIG ,580
TBT ,100
CJM ,130
MJRI,150
TPY ,40
DHW ,70
CDGR,140
TTI ,20
DSB ,30
CGY ,300
BKTH,20
FDN ,30
GOC ,30
GZM ,20
HLZ ,40
NMGT,10
PRG ,270
TPK ,20
PMR ,160
VLI ,70
RMM ,160
GRJA,20
MNU ,20
MDDP,80
TOI ,40
OTP ,400
DWLE,20
DSL ,20
HX  ,440
RJAP,10
HAR ,30
ADF ,20
VNM ,20
BAB ,250
CKD ,60
LOA ,30
AONI,20
LPJ ,60
JU  ,870
HLDD,40
RNG ,480
PG  ,60
PGRL,260
MVN ,80
BSYA,30
TIU ,60
ROB ,40
MST ,20
HLDR,70
BU  ,90
PGR ,120
MAM ,10
KVGM,20
HNM ,20
DAV ,50
CKDL,60
TAN ,150
BSKH,20
JTL ,20
BABR,20
AJU ,20
BCRD,30
LTD ,40
TGN ,120
UIH ,20
KIF ,20
DBA ,350
TME ,60
KDQ ,20
DEOR,40
DEOS,700
BTJ ,40
NAB ,40
BCK ,40
ULD ,50
MPU ,50
DTV ,40
SLY ,40
MYK ,40
HRN ,10
MFP ,1000
DKY ,20
RKSH,40
DLK ,290
TDL ,990
JUD ,630
JNR ,100
GNC ,60
KTHU,620
PUT ,200
SVGA,140
DBB ,40
KMEZ,20
KRDL,20
BUU ,20
KEPR,70
GJH ,20
MUV ,250
BJO ,70
CNC ,40
TPE ,10
PDRD,20
GMM ,20
BXC ,20
BWA ,20
BEK ,10
PRKD,20
BGX ,20
OSN ,110
SMC ,70
SDB ,320
CW  ,30
SDPN,10
SIPR,10
KGD ,10
WZJ ,20
BWW ,40
LGDH,30
KMV ,60
MHO ,20
PDR ,20
BIY ,90
SDBH,20
STW ,100
BD  ,920
BIG ,140
CCK ,20
KTH ,140
ETP ,20
PJB ,20
TDLE,40
GUNA,500
KRD ,340
AGL ,20
CJW ,30
LTV ,40
MLTR,20
ALY ,250
SVG ,20
KKTA,20
JUDW,210
AEL ,20
KNVT,100
PLS ,60
BBGN,20
NG  ,20
NDE ,10
ANKL,100
WDM ,100
AXR ,10
BNCE,240
PLI ,10
HAPA,540
KHNM,140
SRID,250
MCS ,160
BLK ,50
NBQ ,940
SKA ,20
PSLI,10
MMS ,40
ZW  ,20
SRW ,20
DWP ,250
GNU ,150
MRE ,30
CHOK,20
NRPA,20
KLMG,40
GRI ,20
SIM ,30
TQA ,20
GDE ,40
LKR ,500
GLA ,60
TUN ,230
PNSA,20
HGT ,340
JAQ ,20
FGSB,20
SOL ,60
SRWN,20
MWRN,10
GB  ,130
NRP ,160
NUD ,80
DSD ,30
TUNI,600
KWB ,20
FLK ,100
BMI ,120
COA ,110
AKRD,30
ANK ,100
MAN ,400
MAKM,80
GGC ,490
PNME,490
NYO ,60
FUT ,640
AF  ,520
HVD ,60
BDVR,20
BNC ,700
PBP ,40
FKA ,20
KHN ,10
SRI ,40
MAKR,200
DRTP,60
INJ ,20
BNU ,90
NS  ,100
TKD ,190
DAB ,200
MNC ,20
ADST,10
URD ,100
POA ,40
BDYK,20
MZL ,80
KUH ,310
KLT ,60
SAV ,20
LONI,80
NSVP,10
DRZ ,20
MAY ,70
BGRA,10
TNL ,40
KYI ,40
CMU ,150
BLY ,10
JKM ,50
LDP ,20
DPR ,150
VKT ,20
JRMG,50
JKO ,20
DO  ,500
AGD ,40
KBPR,60
JRLI,40
MLC ,40
NDKD,260
YDM ,30
PLU ,40
SEP ,10
CVR ,40
SDS ,20
VID ,60
KTT ,60
BVL ,50
CBF ,1090
GKJ ,40
KSI ,20
MNQ ,40
RNV ,80
GDZ ,20
KAL ,20
NHK ,100
DABN,80
WST ,20
AH  ,330
FLR ,40
HDN ,100
DKT ,10
LKN ,120
BBU ,550
SWM ,1270
ULNR,60
KZA ,40
GPI ,40
BDY ,20
UCA ,70
GGM ,20
LIN ,20
SCE ,20
MLAR,30
GAJ ,80
RJP ,350
BYR ,10
PKK ,20
HWH ,2300
AMI ,110
TMC ,10
MDU ,770
PANP,160
CTPE,20
MHOW,40
BDW ,30
NKI ,30
SLJ ,20
BAMR,20
TVR ,140
MSK ,120
JL  ,1410
VLNK,40
HRNR,130
DIH ,40
DTL ,40
GZB ,1710
PRDH,10
KLB ,60
TRR ,60
TPTY,1110
PRDL,90
SKQ ,10
SOJN,140
MUK ,40
JOC ,190
CRJ ,880
ME  ,20
CGLA,30
GATD,270
TPTN,20
WSJ ,100
DNRE,40
TPZ ,150
CHRA,20
DHPR,30
TIT ,20
SOP ,10
GZL ,60
MLO ,100
DSO ,180
TPT ,260
CGL ,720
DNR ,880
BRBS,30
CGS ,60
PPH ,20
SFC ,70
NASP,40
RPUR,80
BDWS,40
RJPM,20
ATS ,60
TLT ,20
NSD ,190
RJPB,780
JID ,290
BAM ,1200
PAP ,210
KVK ,90
REWA,180
KQT ,80
BDWD,120
KGBS,20
BMRN,30
BDWA,50
HSP ,20
KDJR,40
BDWL,60
KMZ ,370
APN ,20
FD  ,610
SJT ,40
BVP ,80
CNBI,10
PP  ,50
HDE ,40
RVKH,40
BSX ,420
ARN ,20
KMT ,860
BHL ,330
DNW ,20
HJI ,310
HBJ ,930
SDAH,540
REJ ,60
GWA ,20
DKN ,30
RGU ,50
AVN ,20
GED ,60
DWO ,100
MIQ ,20
DKNT,90
JSG ,940
KMTI,50
KHC ,40
NMP ,210
ORH ,20
PUS ,80
ATMO,80
MDGR,90
GEDE,40
CNB ,2830
TPF ,40
BUT ,80
JNRD,20
BHLP,120
MUW ,60
CPN ,20
AL  ,140
SVT ,30
MWW ,20
ARNA,20
CLR ,150
SFM ,150
ULG ,40
BHLA,10
FBD ,260
HPP ,150
BHLK,140
GLE ,20
TMZ ,180
MRDW,140
SWO ,20
KSW ,40
KJ  ,20
SKND,40
HDL ,20
KYM ,80
NIV ,20
BGM ,390
MRDD,40
SINI,200
UDN ,380
SYJ ,80
MMPR,20
SINA,20
DMRT,20
KKU ,100
WDLN,40
PNBE,1910
UA  ,20
SHV ,50
DMRX,80
RVD ,20
SGAM,40
PLJE,40
BEA ,240
NDT ,60
ALJN,750
LKBL,40
AVD ,30
DRU ,300
PNB ,20
BG  ,180
BEAS,780
HD  ,510
VVA ,50
NDZ ,20
TEA ,140
DPA ,450
PLJ ,150
NKJ ,50
MMB ,20
FGR ,100
RMPB,20
CCH ,160
TSL ,20
HER ,20
MKA ,1060
SKN ,80
JJR ,70
KQN ,270
SMNE,40
MOL ,60
CUK ,100
SMNH,60
BGMR,50
MRR ,150
PUO ,40
KHM ,20
PPO ,60
GDPL,20
SEGM,670
RHA ,100
PSO ,30
WAIR,10
DPW ,40
BRC ,2980
PNP ,820
GPZ ,20
RKO ,20
MTJ ,1710
MHRG,120
BMH ,140
NYN ,280
BLH ,10
SMX ,10
BNVD,60
LHA ,90
IRP ,20
YPR ,1430
AWR ,600
CJN ,80
ADB ,100
TKU ,20
KGL ,40
DAS ,20
PTWA,20
SEY ,20
VDI ,20
BNDP,60
GPDE,20
TKG ,40
BZR ,80
MXK ,20
KEM ,80
NRDP,40
NPK ,20
UDR ,80
BNV ,80
PTU ,320
BNDA,210
JUL ,20
DAA ,340
CLPE,20
SAW ,140
QLD ,300
KHS ,200
BNDM,160
JLS ,60
SNI ,90
SQQ ,10
MAG ,180
RNJD,60
KHMA,20
JALD,30
CHNN,20
MVJ ,290
BR  ,20
DPS ,80
PLD ,40
TNM ,110
PNPL,40
VYA ,190
UPD ,20
SEG ,340
NYP ,200
PCU ,20
BTA ,240
MSDN,40
RMGM,220
KLAR,110
SKGH,50
UCB ,10
STBJ,20
PUA ,40
JKZ ,20
ODG ,120
ST  ,2670
PAA ,80
SQE ,30
BNXR,130
GKK ,40
RNW ,20
TLC ,20
NSU ,30
NUQ ,120
BDTS,810
SIR ,480
JDI ,40
RWL ,140
BGAE,20
TJP ,30
NHH ,360
ABFC,20
AMX ,40
BHLE,20
KSM ,20
BRM ,60
NJT ,40
NR  ,110
RJG ,80
BYC ,50
VGT ,40
KJM ,810
BRMT,20
KAMG,40
EKC ,100
RJQ ,40
GOP ,20
SMLA,40
MGM ,40
PDZ ,20
KDI ,20
BRMO,40
RPZ ,250
SSIA,20
TA  ,180
BVM ,20
MNP ,210
SUJH,80
AAG ,20
POR ,20
VYK ,30
TRS ,40
SAHL,20
VRM ,20
CKTD,210
JOB ,210
GDYA,430
VLY ,230
TIS ,60
MKH ,70
GZO ,60
SPDR,40
GVD ,70
DHI ,40
EKMA,110
MLN ,50
SRPM,40
BIO ,40
JOP ,240
SPF ,20
PMP ,100
TOK ,240
SNX ,40
TPU ,20
PYD ,30
YA  ,420
PPI ,750
HUK ,10
ATR ,40
ALJ ,10
KKDI,160
KOAA,630
LMP ,30
SLI ,360
CKB ,100
GRMP,40
J   ,480
DBRG,260
MHN ,20
RRB ,500
KKDE,490
KKZ ,20
KVDU,20
BHME,40
NEP ,40
RNY ,580
DBRT,40
DBF ,20
PQA ,30
MJN ,20
RRL ,20
BVQ ,70
BALE,20
DBR ,150
GHX ,60
ATRU,40
KMU ,240
SHG ,530
BALU,630
BALR,20
HMT ,20
MLNH,20
EKM ,80
TISI,40
KQU ,80
KPNA,40
NCU ,20
DQN ,80
ADR ,20
DBL ,30
DSNI,40
BFJ ,20
SLW ,90
KRNT,500
SKS ,60
KKRD,50
HP  ,60
MPA ,60
SWR ,100
GUD ,40
LSG ,20
GHY ,860
RAY ,90
HMH ,160
GUP ,40
TDN ,40
MRDL,40
MKP ,810
GOTN,330
KIR ,760
STUR,60
MUT ,170
FDB ,730
BUW ,120
DNA ,540
LNN ,70
BXA ,20
SPO ,20
GWL ,1420
DES ,90
NVU ,20
LEDO,20
SVA ,150
BIX ,40
LGH ,200
GJUT,120
NMM ,20
PUMU,40
TMQ ,80
NBA ,150
ADRA,440
PDL ,60
KYN ,2540
SMWA,20
IPPM,20
TCL ,20
SMO ,120
KER ,40
MAHO,20
UND ,10
TAZ ,50
SBLT,130
DOS ,650
MKPT,20
HNA ,150
MKL ,20
ABZ ,40
BOT ,20
SHU ,90
NDU ,20
PURI,820
DRD ,370
GLG ,90
TUL ,20
ARQ ,40
JAIS,190
SOD ,140
NIM ,20
KPDH,20
DMK ,20
PNC ,1180
SGF ,80
SRKI,20
WDS ,20
MAI ,80
KRH ,330
PLK ,20
KGX ,20
BZM ,120
DWD ,50
VVB ,40
JAC ,20
BIA ,80
SBE ,20
PUNE,2080
SBPD,240
HTC ,180
SRY ,20
DWR ,530
JAA ,180
JBG ,20
BMKI,200
TLWA,20
JHD ,160
HOJ ,20
MIPM,100
ASKN,280
GSW ,40
SBPY,100
KLP ,40
FKG ,290
CAER,100
RAKL,20
LDE ,60
SZB ,20
MIL ,90
KCP ,20
SBP ,610
BRPL,140
NRR ,40
MOMU,40
SUMR,20
HG  ,210
ASK ,620
DUBH,20
MTM ,90
AED ,20
BMK ,40
SIOB,340
VDA ,80
VMD ,60
KPD ,1770
MMK ,70
LD  ,430
KRIH,20
JMT ,250
ALER,180
OGL ,1520
BNE ,20
GLGT,20
KRG ,70
LHB ,20
VNK ,70
DAR ,10
DL  ,60
KGF ,20
KANO,30
CUPJ,180
EKI ,80
ANG ,580
DGLE,110
NLE ,180
CSDR,20
HAD ,200
SCT ,20
KSU ,20
VRL ,140
KLOD,40
BRNA,40
BRND,120
RJI ,20
KCN ,10
CYN ,20
HKP ,20
KMX ,40
PQN ,120
PNQ ,190
GGO ,20
DMG ,30
NKR ,40
MVI ,40
ORGA,40
BVNR,30
VMU ,40
TGU ,30
PJGM,20
CMW ,40
HLR ,20
CVB ,30
SUKU,20
JWO ,70
BLW ,30
CMA ,20
SGZ ,390
DMGN,20
MCI ,500
SSF ,20
PLW ,30
GVG ,110
KTGA,20
MS  ,870
GKH ,200
MCA ,230
HGL ,40
HM  ,50
TLD ,310
GDPT,20
CKU ,140
BVN ,20
MXT ,40
VRLR,30
KLQ ,20
MMY ,60
KLRS,50
BNWC,20
GA  ,20
RCG ,10
KAN ,60
MNAE,70
KSJ ,200
BRN ,10
KHRK,20
KHRJ,80
BOR ,380
NWD ,40
KLRE,130
BPK ,20
BBA ,40
HIR ,100
KZU ,20
NWR ,40
GAD ,10
NGI ,20
HCR ,170
REI ,50
RJR ,80
BYL ,170
KQD ,30
KXA ,20
PAVP,40
HSRA,210
NBR ,80
MDW ,80
JMU ,390
VBW ,80
GDX ,20
KNL ,40
RMNP,70
SALE,150
TVP ,180
PRT ,40
CRL ,40
MUGA,40
TTL ,20
JBK ,60
BUDI,140
KRGA,20
KUT ,20
BUDM,120
GILL,20
TIR ,700
MSW ,140
PHI ,20
PRB ,90
SPC ,40
MXL ,20
DHRR,80
GZN ,80
LOL ,20
AADR,20
BUD ,60
KNLS,60
BCA ,150
MUG ,10
RMN ,20
SOH ,330
AAL ,190
CRLM,80
KWI ,20
SLH ,60
RJA ,80
GVI ,20
GADJ,520
KOP ,270
PAV ,70
BFY ,20
KDHA,40
KVU ,160
TLV ,60
RMD ,160
KDHI,50
DJX ,20
BHTA,80
HSR ,180
BAY ,320
KVG ,40
GNT ,580
CI  ,60
DHND,30
DHNE,580
RNL ,40
DYE ,20
HSD ,50
GTE ,40
OYR ,90
MDPR,20
RTA ,340
TK  ,550
MFL ,50
HLG ,20
SET ,20
LAE ,20
SHF ,40
BHB ,40
FLD ,20
BPZ ,40
GJJ ,60
EKN ,20
ULL ,20
NGG ,150
BDC ,900
BMLL,20
GHJ ,40
MDKU,20
TSR ,50
MOB ,20
MFKA,220
WEL ,40
GGT ,30
JRA ,50
PKQ ,20
TMX ,40
DKZ ,190
BOY ,370
DLN ,410
IKI ,10
AJRE,20
TDO ,180
CDH ,40
PRI ,10
BDCR,60
JHW ,120
KTU ,340
SBO ,80
KKET,20
RRME,40
TAKU,20
CRP ,360
PDT ,60
IDG ,360
SN  ,10
BVRM,80
KDPA,20
CPL ,20
CHBT,20
SVV ,20
BVRT,250
BHBK,20
SPN ,960
DNN ,30
SBM ,20
YLK ,20
DER ,20
GNVR,20
BJD ,90
SCH ,90
KUP ,20
BUX ,50
SFY ,240
CTF ,40
RMR ,120
BWT ,700
BGS ,500
UBL ,840
KWR ,80
SKLR,60
RAJP,80
AP  ,20
AWB ,500
MRBL,40
PGI ,320
ARPL,10
BON ,40
APR ,610
KTSH,40
KTE ,1390
UNK ,20
NILE,110
KMAH,40
JTY ,20
NTSK,290
GLP ,110
SHRD,20
MANG,20
TGE ,20
EVA ,20
MANK,20
KIK ,60
GLPT,370
DOD ,50
SHTT,20
MON ,80
NIL ,20
PPJ ,20
KNO ,20
JNL ,120
SGG ,440
DPZ ,20
SRUR,30
KTES,120
JPS ,20
KIKA,10
DMP ,60
EE  ,1230
ALD ,1970
SYL ,40
KYOP,20
KWO ,130
SLR ,60
ZNA ,240
KESR,20
RMRB,40
MKC ,590
BGSF,20
MRB ,90
CWA ,110
DOA ,80
WDR ,40
DUA ,110
CAF ,20
TQN ,20
NDNI,30
SNKL,20
SGUJ,210
STPT,30
SRJ ,210
TNKU,190
BLTR,210
CHL ,50
CUE ,20
PNVL,800
SGUD,10
OEA ,40
ASL ,30
HVM ,20
RHG ,190
THKU,20
NRS ,60
GRD ,40
LKY ,20
BYD ,40
PSA ,820
BLAX,40
MRN ,30
DPC ,20
BGA ,20
VGN ,70
ANH ,100
RDL ,260
KPK ,50
MQR ,140
SMZ ,130
AAY ,60
CCT ,200
YNG ,10
PUU ,20
YFP ,200
LGL ,100
RLA ,20
ANF ,60
NLV ,60
GDI ,20
KNSR,40
AWM ,20
NPI ,20
TVC ,860
TKWD,30
BRDH,10
WTJ ,60
DAO ,40
PHV ,10
KGN ,80
CHLK,40
NLPD,80
SRJM,40
DUJ ,20
RUPC,180
SNK ,100
SKZR,820
MVH ,20
RBZ ,40
VVM ,80
PSAE,20
KPY ,330
MRPR,150
MLJ ,40
LS  ,210
DXK ,20
KI  ,60
MAR ,20
PLP ,170
MKU ,560
RPJ ,590
GIMB,340
BTO ,40
PVU ,220
HGI ,40
MUGR,40
JPL ,120
CKR ,40
KVZ ,380
CBK ,120
TLE ,20
DJKR,20
MGRL,40
KUK ,40
NRE ,180
RUB ,10
RCTC,20
CHB ,20
BRYA,510
MDVR,10
DGO ,120
MDVK,10
KSK ,20
BDRL,40
MDVL,40
AMLA,460
BPH ,120
KKW ,240
KZTW,30
KZB ,20
NGHW,10
KEMR,30
KTKR,10
DGA ,250
LUSA,70
BRY ,20
THUR,30
GAE ,10
RJS ,40
LKKD,40
PKL ,40
AML ,130
BPHB,350
NAT ,80
KDG ,150
BBPM,20
MEJ ,400
BNZ ,440
SCC ,80
KNDI,10
JBX ,50
KBN ,10
KOK ,10
CTO ,450
MAA ,20
DTO ,310
TBH ,20
NMH ,250
PAGM,20
BBY ,20
DHS ,20
KMAE,20
GR  ,670
NED ,720
CIL ,70
MJL ,20
RTP ,40
SR  ,20
DIW ,10
RKM ,550
AJJ ,1100
BMC ,60
LAV ,100
MUD ,80
PPM ,60
KSWR,20
NPRD,40
MLP ,40
BVZ ,10
BUG ,160
RGD ,70
FTG ,70
BWX ,10
KMC ,330
JGN ,40
ISA ,110
TLM ,20
RYP ,20
ERL ,120
PAU ,710
ATNR,20
SGNR,170
HLKT,40
RGDA,480
SAD ,60
MKT ,40
AHD ,20
SLGH,40
NIU ,100
SLGE,20
BWB ,40
WKR ,510
KKB ,20
BAND,370
VKI ,180
DYD ,190
BANO,80
SNVR,50
BANI,40
DLJ ,170
SLGR,290
BHC ,1090
JIND,370
MLPR,190
KCA ,20
PAE ,20
PRCA,60
DEC ,660
KQW ,20
AFR ,40
QLM ,150
BAGL,20
JSV ,30
AVK ,40
FBG ,40
GNGD,40
MHH ,80
MKRA,20
MKRN,90
DLO ,140
DURE,320
MDJ ,100
MKRH,20
PWL ,250
BMN ,20
PIL ,100
GUR ,160
ARAG,20
JOL ,20
ADD ,40
MMA ,180
WKRC,20
MFJ ,40
PDNR,20
MKPR,10
KUI ,20
SHE ,120
BBK ,780
JBP ,1630
BJK ,30
CNO ,100
DHO ,390
VV  ,90
LNL ,1090
PDNA,10
BUI ,580
STSN,10
HGR ,40
IPR ,40
GMA ,60
MURI,670
BEB ,100
BJE ,100
RMU ,650
RANI,260
SFX ,20
MURD,100
GMAN,50
GDQ ,20
UJ  ,60
LLR ,40
BZA ,3130
SZA ,20
LTHR,220
GLTA,30
BCQ ,40
MDJN,40
GNG ,280
KMA ,20
MDPD,20
KKP ,140
AKD ,190
ARA ,800
RSR ,140
RMP ,50
KTD ,20
GHGL,60
UPR ,60
ON  ,650
SDNR,20
MOO ,140
KTR ,30
VD  ,40
ARW ,30
CLKA,100
BHNE,40
KNRT,40
AKV ,730
LHLL,20
DRH ,200
MAO ,850
HJP ,970
BNGN,40
DMW ,20
BLGT,60
BLGR,420
SGD ,140
MIH ,20
SYM ,50
KHBJ,40
CHNR,40
TSI ,20
KIP ,10
PBN ,650
RUSD,60
PBE ,60
SRMR,20
RAU ,40
SKM ,270
CHSM,60
BID ,160
DIG ,80
MRA ,550
GVR ,20
RAG ,40
BIM ,220
ALMR,60
CJR ,20
SBR ,130
GHUM,120
NRT ,200
KAT ,110
GRG ,70
JAM ,470
BKA ,20
UD  ,600
KT  ,230
LUNI,480
BKSC,560
SIC ,10
MGB ,20
BANE,40
SVM ,140
SUD ,60
PDX ,10
AKVD,250
KTRH,40
DPL ,20
SGDP,20
BLG ,10
KTRR,30
SGDM,20
RDM ,700
STA ,1380
MQS ,20
KRJD,20
VAA ,20
CJS ,20
ONR ,40
KUDL,220
ANE ,20
BLU ,20
SEB ,190
CHM ,70
KEH ,60
NNGL,20
KLPM,20
KUDA,260
PTP ,40
KAPE,20
KAPG,120
RSI ,40
THVM,240
MZH ,120
KQQ ,10
VRN ,20
DAN ,20
PEH ,20
SNDD,140
TUP ,1250
DWV ,40
PQL ,40
NDO ,250
SWS ,10
MVO ,260
SGJ ,50
ORAI,530
PLG ,260
URN ,40
CSB ,20
ELM ,20
SWA ,110
RJB ,30
MAS ,1780
PCV ,20
BTL ,20
PNWN,30
RPK ,40
LMG ,450
JPM ,10
KSVM,20
SMSR,20
BMKJ,20
DDL ,40
RRS ,20
CKS ,20
MKN ,440
THDR,80
MBD ,40
KVS ,20
RK  ,760
CHA ,20
HKR ,40
LUR ,200
NUR ,120
HDU ,30
KUD ,190
MMM ,100
PRWD,20
MNGD,400
CUR ,160
RTI ,40
KZE ,400
THV ,180
NWB ,20
KSH ,160
RU  ,1360
PFU ,20
NAWN,20
MWH ,10
PPZ ,20
WR  ,720
CGR ,110
AB  ,250
NWP ,180
DRW ,20
KSF ,80
BRZ ,60
SHMI,20
VKB ,440
BYN ,100
PKO ,100
BHRL,20
DVL ,420
JRI ,10
SANR,30
CBJ ,40
GTU ,40
GIN ,40
KNN ,310
PTB ,240
TPPI,20
POO ,40
MINA,40
PRR ,490
CRN ,70
KUV ,20
MGS ,2330
HOL ,40
VRR ,100
SCN ,20
HYT ,120
LAU ,80
GZH ,120
PHK ,200
KLNP,30
JYM ,20
AJI ,150
TPH ,140
RKL ,20
SAN ,240
DJHR,20
TRVL,630
MUE ,420
SSR ,20
NAW ,60
PCX ,40
LOD ,20
MRM ,20
BYNR,240
KOV ,110
BVB ,20
JGM ,140
INP ,40
SVDK,190
ANMD,20
VTJ ,60
NSX ,40
RYS ,30
SVPR,20
VELI,20
BFM ,100
SLT ,20
KXL ,20
KBH ,70
KCI ,60
WANI,20
SHDM,100
MKRD,20
KKPM,20
PYOL,40
BSTP,20
RNN ,40
LVK ,10
SVPI,180
GTF ,20
VKH ,40
SVPM,20
CVJ ,20
GAP ,20
NGE ,40
BDU ,80
BBM ,170
NB  ,20
JMK ,40
SDMD,20
WENA,40
DURG,1270
DKDE,10
MSMD,280
PKA ,40
NCJ ,470
DKJ ,320
DLPH,20
HPT ,260
BWD ,60
TZR ,60
KSTE,60
GGR ,20
BBMN,80
KSTH,50
GDB ,150
COO ,20
NVT ,60
SONR,60
DLP ,20
IKK ,10
BDAG,10
DKD ,180
SDN ,110
MYR ,790
PSL ,20
HLAR,80
RKZ ,20
BST ,780
KODI,60
GY  ,880
DEB ,60
HMRR,40
CRR ,160
KRLS,10
MJY ,20
BUH ,230
LKNA,20
RMB ,20
VBR ,60
VTN ,20
BJF ,20
ABLE,10
RMT ,110
DIL ,40
NBD ,420
BGQ ,40
BKRO,40
KGI ,320
BDZ ,40
STR ,400
PDO ,10
BKRD,70
AII ,1250
APT ,240
BAU ,540
JMKT,150
IGU ,20
KRMR,20
PGK ,160
KRMI,180
MALM,470
MALK,20
ETW ,610
WP  ,20
YL  ,100
MALB,140
JTW ,140
FAN ,90
APTA,40
WFD ,110
CLI ,20
PU  ,20
BXJ ,160
ARV ,80
JLN ,80
KTQ ,180
GDP ,20
PNF ,100
MKSR,80
KRPU,100
SZR ,120
SGE ,60
KMBL,300
DMV ,430
DRI ,20
JNN ,20
DOTL,20
MRF ,20
DLB ,60
TDV ,20
MZP ,1450
NKX ,20
KWM ,100
CTR ,20
SYN ,80
JM  ,160
SKJ ,80
MUR ,530
MML ,290
BRMD,20
VDL ,60
BC  ,40
VSG ,150
JAB ,60
SPRD,180
KTK ,20
KPRR,40
JAN ,20
SRL ,60
NDLS,2390
PUK ,80
DOHM,20
VDH ,50
MLB ,80
MABD,450
GRX ,20
CDSL,20
MABA,190
VSU ,280
CHR ,30
SWPR,110
RHE ,60
MOR ,140
URMA,20
SAB ,40
ASN ,1900
MRT ,60
SHDR,20
ANDN,40
ANDI,50
KDZ ,60
BGG ,20
KPI ,130
CLJ ,140
RMC ,70
SDI ,40
JMKL,10
ANV ,500
TKQ ,40
MR  ,20
SMT ,70
VPL ,20
BLR ,40
KAG ,20
ANVT,530
ANVR,790
CKX ,20
KEI ,250
SZ  ,20
VPO ,40
GDO ,20
JMD ,40
HMY ,40
SRJN,20
KURJ,60
DAM ,20
SMTA,20
AHH ,90
VMA ,240
HZD ,240
BILD,30
CTA ,60
VDD ,130
TKB ,20
TWB ,20
THE ,40
CHRG,20
ITA ,60
MRND,50
RURA,160
NDL ,200
CHRM,90
SXP ,20
KHAT,20
SWF ,40
MAP ,140
GPD ,20
NWA ,70
AGZ ,20
RPH ,850
GER ,50
TLGP,60
BVA ,40
KXP ,20
CDA ,40
DTAE,10
MGTD,20
MNTT,20
BL  ,1140
KCM ,20
NRG ,150
PKNS,40
AVRD,60
AMBR,20
KUE ,140
NHT ,170
GAGA,20
RCD ,20
KAQ ,10
HDK ,20
LKE ,200
OKA ,90
MTP ,40
LSR ,260
ASR ,820
BSPL,20
KLA ,10
NRI ,190
ALU ,270
DXD ,30
MTPR,20
PMN ,20
VTM ,100
SOY ,70
VJA ,40
KSG ,680
ND  ,1430
NRGR,60
AMB ,200
DDR ,230
CBM ,160
GTT ,20
DUMK,20
CKP ,590
JMV ,30
JNRI,20
SNGN,40
NMD ,20
JRJ ,20
SNGR,40
BRJN,200
SNGP,100
RT  ,20
TBN ,150
NGS ,20
TNGL,200
HAQ ,20
TIA ,20
VBL ,320
BOW ,20
TKC ,20
SCO ,60
BSZ ,30
BSE ,110
BDNP,10
KXI ,10
MSR ,50
BHS ,630
SAO ,30
MOP ,20
GJ  ,20
BV  ,190
WL  ,1360
MGF ,40
TPQ ,20
ROA ,20
BORA,20
TRA ,30
SMI ,160
LIG ,50
BSI ,20
JEP ,10
LMT ,120
AY  ,420
RGJ ,40
MHJ ,140
RMO ,60
ANY ,20
GOA ,40
KMQA,20
BVC ,160
TDPR,220
TLY ,600
SLS ,40
MYM ,10
KBK ,20
ATH ,80
RLO ,60
NAVI,50
BAZ ,180
BDPL,20
GTJT,80
TDP ,20
LPR ,20
CH  ,280
CMNR,20
RNO ,40
CKNI,20
GGA ,120
BAHI,20
KMQ ,80
HSI ,50
NOQ ,620
PAW ,40
KXG ,40
DSJ ,60
BBN ,60
MBB ,100
MKR ,80
KFV ,20
GP  ,290
MWJ ,40
PTA ,150
CPS ,70
HDW ,160
ADL ,40
TPNI,40
CEU ,10
ISH ,30
FZR ,180
BDN ,20
MV  ,340
HBG ,90
JDB ,80
REG ,20
TTW ,40
HPU ,620
JUJA,20
DNM ,40
VNE ,20
NDN ,80
UJP ,50
MDL ,20
BWK ,40
PKR ,470
PTS ,40
MAD ,190
VQD ,20
JTTN,40
SDL ,550
DLQ ,20
HLK ,30
NLR ,1520
PDE ,90
ARGD,10
BCHL,20
MYS ,520
BSS ,20
GSP ,90
SJL ,20
PDGN,60
JRR ,10
TRK ,60
CRU ,70
KVM ,60
GOK ,100
SHK ,40
PKPU,40
BGPR,20
CNI ,210
BGPL,20
KGND,20
BER ,420
KNPS,20
BJU ,1310
SBNM,30
CPA ,260
SFH ,10
MZM ,90
KIN ,90
IDR ,140
ALW ,20
LLI ,40
BJG ,20
MAQ ,420
GSPR,80
ADQ ,20
BJUD,30
BQU ,40
TRKR,20
PDH ,120
WJR ,180
CX  ,20
BGP ,560
CC  ,150
MLDT,1090
DKGS,60
FTP ,330
WPR ,60
SDLP,170
MDLM,10
BAT ,90
RA  ,40
PKRD,20
PKRA,20
DBD ,260
MPML,40
BCH ,440
NZM ,1780
KKN ,150
KVJ ,20
DKGN,20
GLU ,20
POF ,10
TKPY,20
TLU ,80
ALAI,20
CDRL,10
TAT ,20
AJK ,10
MOA ,10
UTL ,40
JNO ,50
ERN ,800
NIA ,190
GYM ,150
SMK ,150
BAHL,20
BKSL,40
VP  ,40
MIN ,20
PBL ,20
SPZ ,110
DLC ,40
RSYI,40
MK  ,40
UDGR,160
TSK ,20
MRX ,20
AIT ,110
SBB ,250
MLZ ,80
VHGN,20
MINJ,30
LWR ,220
SYA ,50
RAA ,110
SKY ,90
FL  ,890
SBT ,180
PPN ,50
SRO ,90
SJNP,60
VST ,20
JAO ,150
SXN ,40
NNW ,110
SBBJ,40
GRA ,80
NDJ ,10
BKO ,50
NTV ,40
RBK ,40
BQG ,80
NOMD,40
BIJ ,40
LJN ,790
KRLR,60
PN  ,20
MTHP,80
TATA,960
BXY ,30
NKM ,80
SAH ,90
KRLI,20
URPR,70
PSPY,40
MRTL,20
LHN ,60
KUF ,20
DINR,80
DPX ,20
KAI ,20
BLS ,1230
URL ,180
KART,40
DGPP,40
LKDU,20
AWY ,1210
AGB ,20
ASAF,20
UMD ,200
KEJ ,30
SRAS,30
RC  ,620
NPD ,100
LNA ,20
MNE ,310
VDE ,60
TUV ,20
PSB ,90
YG  ,480
PNU ,960
GPU ,20
PTRL,30
BMO ,110
KRJ ,300
BPY ,40
BIQ ,20
SNT ,390
JPZ ,20
PLA ,20
BTJL,300
KKD ,40
THP ,40
BPO ,20
ORR ,20
APA ,20
JKN ,110
SNF ,100
HWT ,20
SSB ,310
TUVR,130
SNTD,60
SNH ,20
BBS ,2100
LDH ,1760
SUW ,20
DAPD,30
KCJ ,40
BLSA,60
NNA ,500
SNPR,20
DAL ,60
NEW ,80
PTRU,150
DTP ,10
BLSN,20
KFF ,50
AJP ,30
SIW ,10
KAR ,20
NRX ,20
BRAM,10
TKBG,30
INK ,20
SELU,320
PTRD,210
PTRE,30
SNSL,60
TKBN,20
